M00055_2.00.pwm	2.7064414

M00057_2.00.pwm	2.3968832

M00059_2.00.pwm	1.7326894

M00270_2.00.pwm	3.2926393

M00272_2.00.pwm	4.113138

M00273_2.00.pwm	0.85425436

M00274_2.00.pwm	1.043237

M00275_2.00.pwm	1.0289849

M00277_2.00.pwm	1.5505601

M00278_2.00.pwm	2.2443137

M00279_2.00.pwm	1.9623749

M00280_2.00.pwm	5.075202

M00281_2.00.pwm	2.696147

M00282_2.00.pwm	1.7112491

M00285_2.00.pwm	7.970891

M00286_2.00.pwm	1.4748542

M00287_2.00.pwm	2.3350892

M00288_2.00.pwm	0.65433216

M00289_2.00.pwm	0.7870363

M00291_2.00.pwm	0.47382772

M00292_2.00.pwm	0.4289358

M00294_2.00.pwm	1.4876865

M00295_2.00.pwm	1.4256957

M00296_2.00.pwm	3.987333

M00297_2.00.pwm	3.2658412

M00298_2.00.pwm	1.1714398

M00299_2.00.pwm	1.4449499

M00300_2.00.pwm	1.1446915

M00301_2.00.pwm	0.76795685

M00302_2.00.pwm	0.61595756

M00310_2.00.pwm	0.6890908

M00311_2.00.pwm	1.0245352

M00312_2.00.pwm	7.002637

M00313_2.00.pwm	1.9375756

M00315_2.00.pwm	2.7190018

M00316_2.00.pwm	1.6644889

M00325_2.00.pwm	0.42534226

M00327_2.00.pwm	0.47108722

M00328_2.00.pwm	1.063277

M00329_2.00.pwm	0.46133655

M00330_2.00.pwm	1.0348978

M00380_2.00.pwm	0.46060407

M00385_2.00.pwm	0.55083525

M00394_2.00.pwm	2.4569702

M00403_2.00.pwm	0.34612125

M00404_2.00.pwm	0.30471367

M00412_2.00.pwm	2.7251225

M00420_2.00.pwm	0.44737634

M00429_2.00.pwm	0.6022414

M00433_2.00.pwm	0.48386374

M00443_2.00.pwm	0.5137125

M00448_2.00.pwm	1.0132741

M00453_2.00.pwm	0.6113322

M00470_2.00.pwm	3.4994292

M00472_2.00.pwm	0.65248466

M00475_2.00.pwm	2.6965504

M00486_2.00.pwm	2.0152817

M00511_2.00.pwm	0.5706668

M00520_2.00.pwm	0.3500325

M00532_2.00.pwm	0.30548146

M00556_2.00.pwm	2.2168703

M00558_2.00.pwm	0.399854

M00560_2.00.pwm	0.76635087

M00562_2.00.pwm	0.9364668

M00563_2.00.pwm	1.9962475

M01505_2.00.pwm	0.7988001

M01506_2.00.pwm	0.6903309

M01550_2.00.pwm	4.8141146

M01551_2.00.pwm	0.80485034

M01553_2.00.pwm	1.8648489

M02088_2.00.pwm	0.33425152

M02092_2.00.pwm	1.5506045

M02094_2.00.pwm	2.047056

M02099_2.00.pwm	0.99524426

M02100_2.00.pwm	0.57137257

M02112_2.00.pwm	1.7353749

M02115_2.00.pwm	0.58552575

M02116_2.00.pwm	2.4037793

M02118_2.00.pwm	0.2755744

M02125_2.00.pwm	0.6549478

M02190_2.00.pwm	1.008076

M02192_2.00.pwm	2.0601697

M02223_2.00.pwm	0.74261725

M02685_2.00.pwm	4.5910954

M02686_2.00.pwm	5.8499055

M02687_2.00.pwm	5.879141

M02740_2.00.pwm	2.1491957

M02741_2.00.pwm	7.990952

M03077_2.00.pwm	1.6378922

M03079_2.00.pwm	3.0837421

M03080_2.00.pwm	0.48309806

M03082_2.00.pwm	0.4038794

M03083_2.00.pwm	0.4167921

M03084_2.00.pwm	0.40499303

M03089_2.00.pwm	2.8121538

M03090_2.00.pwm	1.1616613

M03091_2.00.pwm	1.8429065

M03092_2.00.pwm	0.96860355

M03093_2.00.pwm	5.2808647

M03094_2.00.pwm	0.59575343

M03096_2.00.pwm	0.95871437

M03098_2.00.pwm	10.5624695

M03099_2.00.pwm	1.4099966

M03100_2.00.pwm	1.8056916

M03101_2.00.pwm	2.0036287

M03102_2.00.pwm	1.5178101

M03111_2.00.pwm	0.36467138

M03112_2.00.pwm	0.3032574

M03114_2.00.pwm	3.1008544

M03115_2.00.pwm	1.0973694

M03116_2.00.pwm	4.572776

M03117_2.00.pwm	0.55113184

M03121_2.00.pwm	0.38298476

M03122_2.00.pwm	2.0942414

M03123_2.00.pwm	1.8846098

M03125_2.00.pwm	1.0682573

M03127_2.00.pwm	6.908772

M03128_2.00.pwm	0.8771124

M03129_2.00.pwm	1.682916

M03131_2.00.pwm	0.721485

M03132_2.00.pwm	1.1674309

M03133_2.00.pwm	1.112688

M03134_2.00.pwm	1.3213106

M03135_2.00.pwm	2.0996904

M03136_2.00.pwm	1.1245768

M03138_2.00.pwm	0.29342493

M03139_2.00.pwm	1.1000051

M03140_2.00.pwm	1.3361222

M03141_2.00.pwm	1.5487719

M03142_2.00.pwm	2.0088673

M03143_2.00.pwm	1.2095609

M03145_2.00.pwm	0.9358697

M03146_2.00.pwm	0.5223637

M03147_2.00.pwm	5.1575947

M03148_2.00.pwm	2.6371465

M03149_2.00.pwm	0.5647752

M03151_2.00.pwm	0.45094585

M03152_2.00.pwm	6.0301976

M03153_2.00.pwm	0.5560014

M03154_2.00.pwm	0.8244951

M03155_2.00.pwm	5.349845

M03157_2.00.pwm	0.84414005

M03158_2.00.pwm	0.41794595

M03159_2.00.pwm	3.5115588

M03160_2.00.pwm	0.885461

M03161_2.00.pwm	0.48357207

M03162_2.00.pwm	4.306777

M03164_2.00.pwm	12.531271

M03166_2.00.pwm	0.5783243

M03167_2.00.pwm	7.2240415

M03168_2.00.pwm	0.4976973

M03171_2.00.pwm	1.3739961

M03173_2.00.pwm	0.3985912

M03174_2.00.pwm	3.332644

M03175_2.00.pwm	1.8387142

M03177_2.00.pwm	1.1216984

M03178_2.00.pwm	1.2366791

M03179_2.00.pwm	0.5879613

M03184_2.00.pwm	5.3878055

M03185_2.00.pwm	0.8391938

M03186_2.00.pwm	0.6405419

M03189_2.00.pwm	1.7422918

M03190_2.00.pwm	1.0689164

M03192_2.00.pwm	0.24366844

M03194_2.00.pwm	2.7148888

M03195_2.00.pwm	1.2398596

M03196_2.00.pwm	1.330577

M03197_2.00.pwm	4.2337193

M03198_2.00.pwm	0.41898704

M03201_2.00.pwm	2.285396

M03202_2.00.pwm	5.5522957

M03203_2.00.pwm	0.36548376

M03205_2.00.pwm	0.52678955

M03211_2.00.pwm	4.745244

M03213_2.00.pwm	0.47408202

M03215_2.00.pwm	0.7094828

M03216_2.00.pwm	2.680326

M03217_2.00.pwm	1.3043678

M03221_2.00.pwm	1.7759545

M03222_2.00.pwm	2.3699248

M03226_2.00.pwm	1.4477185

M03227_2.00.pwm	0.50194824

M03228_2.00.pwm	2.0877986

M03229_2.00.pwm	1.6479518

M03230_2.00.pwm	1.0365403

M03231_2.00.pwm	2.1505733

M03232_2.00.pwm	0.40007314

M03234_2.00.pwm	0.65665305

M03235_2.00.pwm	0.93509114

M03236_2.00.pwm	0.4972143

M03237_2.00.pwm	0.7813987

M03238_2.00.pwm	9.262266

M03243_2.00.pwm	0.83003426

M03248_2.00.pwm	0.655934

M03249_2.00.pwm	4.6550746

M03250_2.00.pwm	0.5571064

M03254_2.00.pwm	0.43529293

M03255_2.00.pwm	5.5924273

M03257_2.00.pwm	0.82577884

M03258_2.00.pwm	0.8587676

M03260_2.00.pwm	4.2698545

M03261_2.00.pwm	2.4718623

M03262_2.00.pwm	1.034038

M03264_2.00.pwm	3.1683276

M03266_2.00.pwm	4.7266073

M03267_2.00.pwm	0.22496073

M03268_2.00.pwm	0.72707176

M03269_2.00.pwm	4.081115

M03270_2.00.pwm	1.4668918

M03272_2.00.pwm	0.7947782

M03273_2.00.pwm	2.9229183

M03274_2.00.pwm	1.0188577

M03275_2.00.pwm	8.679632

M03277_2.00.pwm	0.34241092

M03278_2.00.pwm	3.291895

M03281_2.00.pwm	0.3333287

M03282_2.00.pwm	5.1547117

M03284_2.00.pwm	1.6743349

M03285_2.00.pwm	5.1673098

M03286_2.00.pwm	0.7154383

M03287_2.00.pwm	0.50533134

M03770_2.00.pwm	2.5726926

M03771_2.00.pwm	1.2202291

M03772_2.00.pwm	2.1519966

M03773_2.00.pwm	8.70047

M03774_2.00.pwm	7.8278813

M03775_2.00.pwm	14.711456

M03776_2.00.pwm	4.1641216

M03777_2.00.pwm	0.53974926

M03781_2.00.pwm	1.3957176

M03782_2.00.pwm	1.3780589

M03783_2.00.pwm	1.3104024

M03784_2.00.pwm	0.9648752

M03789_2.00.pwm	0.6270157

M03790_2.00.pwm	5.329809

M03791_2.00.pwm	0.47221267

M03792_2.00.pwm	5.065222

M03794_2.00.pwm	1.7768338

M03796_2.00.pwm	0.86828876

M03799_2.00.pwm	0.79142785

M03804_2.00.pwm	1.0086699

M03805_2.00.pwm	0.5832061

M03806_2.00.pwm	0.7613969

M03807_2.00.pwm	6.6776447

M03808_2.00.pwm	0.479517

M03809_2.00.pwm	1.3202989

M03810_2.00.pwm	1.356281

M03812_2.00.pwm	0.5957345

M03813_2.00.pwm	5.832193

M03814_2.00.pwm	2.744512

M03817_2.00.pwm	0.57324535

M03818_2.00.pwm	4.748249

M03819_2.00.pwm	5.2568583

M03820_2.00.pwm	5.774329

M03821_2.00.pwm	6.593177

M03822_2.00.pwm	2.34114

M03823_2.00.pwm	1.4876814

M03824_2.00.pwm	1.9978623

M03825_2.00.pwm	5.9652977

M03826_2.00.pwm	1.6413622

M03828_2.00.pwm	4.8924913

M03832_2.00.pwm	0.75043243

M03833_2.00.pwm	1.1612002

M03834_2.00.pwm	0.45538154

M03840_2.00.pwm	0.6889849

M03841_2.00.pwm	4.596706

M03842_2.00.pwm	0.7444795

M03843_2.00.pwm	0.50350314

M03844_2.00.pwm	1.23977

M03847_2.00.pwm	3.5410192

M03851_2.00.pwm	0.42783335

M03852_2.00.pwm	4.4824524

M03853_2.00.pwm	0.8446877

M03855_2.00.pwm	3.308546

M03856_2.00.pwm	2.7295146

M03857_2.00.pwm	0.91423017

M03858_2.00.pwm	2.076421

M03859_2.00.pwm	4.1106176

M03860_2.00.pwm	1.0879296

M03861_2.00.pwm	3.6136448

M03862_2.00.pwm	4.657651

M03869_2.00.pwm	0.7124137

M03870_2.00.pwm	0.64113396

M03871_2.00.pwm	1.7981291

M03872_2.00.pwm	2.2662683

M03873_2.00.pwm	1.1735058

M03877_2.00.pwm	3.6693

M03878_2.00.pwm	3.1956396

M04897_2.00.pwm	1.5607136

M04898_2.00.pwm	0.9745299

M04899_2.00.pwm	1.7789807

M04901_2.00.pwm	2.158632

M04903_2.00.pwm	1.492905

M04904_2.00.pwm	1.0121573

M04905_2.00.pwm	2.1245837

M04906_2.00.pwm	2.4480417

M04907_2.00.pwm	0.6673287

M04912_2.00.pwm	1.6534817

M04914_2.00.pwm	1.4224151

M04916_2.00.pwm	3.0911555

M04918_2.00.pwm	0.58914787

M04919_2.00.pwm	3.6163793

M04920_2.00.pwm	0.99354666

M04928_2.00.pwm	0.5937419

M04929_2.00.pwm	0.74059606

M04931_2.00.pwm	0.7265165

M04937_2.00.pwm	3.5477247

M04938_2.00.pwm	0.7330225

M04947_2.00.pwm	1.5558825

M04949_2.00.pwm	0.583717

M04950_2.00.pwm	0.4525736

M04952_2.00.pwm	1.1278682

M04959_2.00.pwm	1.1552644

M04961_2.00.pwm	1.562695

M04969_2.00.pwm	1.3202857

M04970_2.00.pwm	1.237051

M04971_2.00.pwm	1.2364707

M04972_2.00.pwm	1.1807504

M04973_2.00.pwm	0.95243055

M04974_2.00.pwm	0.70578384

M04976_2.00.pwm	1.2850276

M04977_2.00.pwm	3.2021

M04978_2.00.pwm	2.286962

M04980_2.00.pwm	2.0794346

M04981_2.00.pwm	1.8215482

M04982_2.00.pwm	1.8991382

M04983_2.00.pwm	2.3863904

M04984_2.00.pwm	2.1356063

M04985_2.00.pwm	1.2553178

M04987_2.00.pwm	1.3581889

M04997_2.00.pwm	0.4883025

M05000_2.00.pwm	1.7354968

M05001_2.00.pwm	0.67325187

M05002_2.00.pwm	0.81769305

M05003_2.00.pwm	11.133975

M05004_2.00.pwm	1.0165267

M05006_2.00.pwm	2.1638875

M05007_2.00.pwm	1.1824596

M05008_2.00.pwm	1.1250634

M05009_2.00.pwm	1.0421953

M05010_2.00.pwm	4.6203146

M05011_2.00.pwm	4.12459

M05013_2.00.pwm	0.54455715

M05014_2.00.pwm	9.959164

M05016_2.00.pwm	1.7118576

M05017_2.00.pwm	1.1331604

M05018_2.00.pwm	3.3142102

M05020_2.00.pwm	1.8233395

M05021_2.00.pwm	1.4377061

M05022_2.00.pwm	0.5307021

M05024_2.00.pwm	0.40944186

M05025_2.00.pwm	0.37308854

M05032_2.00.pwm	0.74206007

M05034_2.00.pwm	2.8781989

M05035_2.00.pwm	2.9167106

M05036_2.00.pwm	1.650022

M05037_2.00.pwm	1.4444704

M05038_2.00.pwm	6.585296

M05039_2.00.pwm	2.7802353

M05040_2.00.pwm	2.0600607

M05041_2.00.pwm	2.6476116

M05042_2.00.pwm	1.0251596

M05043_2.00.pwm	1.3085576

M05044_2.00.pwm	5.7548714

M05046_2.00.pwm	1.3613237

M05047_2.00.pwm	8.054553

M05052_2.00.pwm	1.027843

M05053_2.00.pwm	1.0014435

M05054_2.00.pwm	1.6313908

M05055_2.00.pwm	1.3803945

M05056_2.00.pwm	1.3478171

M05058_2.00.pwm	1.9391339

M05059_2.00.pwm	2.6175542

M05060_2.00.pwm	1.2542055

M05061_2.00.pwm	1.251586

M05062_2.00.pwm	6.5882764

M05063_2.00.pwm	1.5942577

M05065_2.00.pwm	3.0526428

M05066_2.00.pwm	0.84929144

M05067_2.00.pwm	0.6298082

M05068_2.00.pwm	2.2453132

M05069_2.00.pwm	1.3117974

M05071_2.00.pwm	1.4578602

M05072_2.00.pwm	2.5327792

M05073_2.00.pwm	2.3338368

M05074_2.00.pwm	2.9248996

M05075_2.00.pwm	1.186865

M05076_2.00.pwm	1.23913

M05077_2.00.pwm	1.415661

M05078_2.00.pwm	1.2896019

M05080_2.00.pwm	1.1771388

M05081_2.00.pwm	0.93626094

M05082_2.00.pwm	1.1207815

M05083_2.00.pwm	1.7641034

M05085_2.00.pwm	1.8169776

M05086_2.00.pwm	1.0337749

M05087_2.00.pwm	0.64983505

M05088_2.00.pwm	1.2442715

M05089_2.00.pwm	0.6035502

M05090_2.00.pwm	0.86380166

M05091_2.00.pwm	1.1791599

M05092_2.00.pwm	0.653715

M05099_2.00.pwm	1.1792656

M05100_2.00.pwm	1.885075

M05101_2.00.pwm	1.8325249

M05102_2.00.pwm	2.400902

M05104_2.00.pwm	6.3959765

M05105_2.00.pwm	2.9036367

M05106_2.00.pwm	1.8575647

M05107_2.00.pwm	2.5263162

M05109_2.00.pwm	6.2530847

M05110_2.00.pwm	2.7533014

M05111_2.00.pwm	5.747731

M05120_2.00.pwm	2.500115

M05122_2.00.pwm	4.2533674

M05123_2.00.pwm	2.3908744

M05124_2.00.pwm	1.7157393

M05125_2.00.pwm	2.4198432

M05126_2.00.pwm	1.164664

M05127_2.00.pwm	1.8993158

M05129_2.00.pwm	2.5767334

M05130_2.00.pwm	3.1512215

M05133_2.00.pwm	0.889393

M05134_2.00.pwm	0.42841703

M05135_2.00.pwm	0.96283627

M05137_2.00.pwm	0.41405433

M05138_2.00.pwm	2.360721

M05139_2.00.pwm	1.6644609

M05141_2.00.pwm	1.6405609

M05143_2.00.pwm	3.210643

M05144_2.00.pwm	0.9636066

M05146_2.00.pwm	0.6424792

M05147_2.00.pwm	0.6074194

M05148_2.00.pwm	0.63708526

M05149_2.00.pwm	1.5122666

M05150_2.00.pwm	15.076834

M05151_2.00.pwm	1.8192476

M05152_2.00.pwm	4.6195316

M05153_2.00.pwm	1.216214

M05154_2.00.pwm	0.87941575

M05155_2.00.pwm	3.0672922

M05156_2.00.pwm	2.0396993

M05157_2.00.pwm	5.4113274

M05160_2.00.pwm	1.3488283

M05161_2.00.pwm	2.291702

M05162_2.00.pwm	1.5614316

M05163_2.00.pwm	1.0385679

M05164_2.00.pwm	1.5149202

M05165_2.00.pwm	0.69984555

M05167_2.00.pwm	1.1431904

M05168_2.00.pwm	0.7489844

M05169_2.00.pwm	1.0166394

M05170_2.00.pwm	1.9146256

M05171_2.00.pwm	1.093835

M05172_2.00.pwm	3.4126363

M05173_2.00.pwm	1.3245499

M05174_2.00.pwm	0.75085175

M05175_2.00.pwm	3.1247458

M05176_2.00.pwm	0.9611497

M05178_2.00.pwm	1.0850255

M05179_2.00.pwm	1.0590891

M05180_2.00.pwm	2.51342

M05183_2.00.pwm	0.83882886

M05184_2.00.pwm	1.0181196

M05186_2.00.pwm	1.2485344

M05187_2.00.pwm	1.1320131

M05191_2.00.pwm	0.9494784

M05192_2.00.pwm	0.9686701

M05194_2.00.pwm	0.55904603

M05195_2.00.pwm	1.7401516

M05196_2.00.pwm	0.47693333

M05197_2.00.pwm	6.76394

M05198_2.00.pwm	1.3869765

M05199_2.00.pwm	0.5657105

M05200_2.00.pwm	7.1007204

M05201_2.00.pwm	2.6849217

M05202_2.00.pwm	2.273613

M05203_2.00.pwm	2.8157008

M05205_2.00.pwm	1.2969726

M05207_2.00.pwm	1.2840273

M05208_2.00.pwm	1.0858462

M05209_2.00.pwm	1.0663382

M05210_2.00.pwm	1.7756767

M05211_2.00.pwm	9.815731

M05213_2.00.pwm	3.3002071

M05214_2.00.pwm	9.620405

M05215_2.00.pwm	1.2939806

M05216_2.00.pwm	3.3171928

M05221_2.00.pwm	2.3988667

M05223_2.00.pwm	3.2872667

M05224_2.00.pwm	2.0580823

M05225_2.00.pwm	0.5166215

M05226_2.00.pwm	3.118148

M05229_2.00.pwm	0.99948215

M05230_2.00.pwm	0.607892

M05231_2.00.pwm	0.6004309

M05232_2.00.pwm	0.8189217

M05233_2.00.pwm	7.349943

M05234_2.00.pwm	5.228017

M05235_2.00.pwm	6.439665

M05237_2.00.pwm	1.3841324

M05238_2.00.pwm	5.9705086

M05240_2.00.pwm	1.0498204

M05241_2.00.pwm	7.2081385

M05243_2.00.pwm	1.7051727

M05244_2.00.pwm	0.7702555

M05247_2.00.pwm	0.7091962

M05248_2.00.pwm	1.050302

M05249_2.00.pwm	1.1358675

M05250_2.00.pwm	2.6796348

M05251_2.00.pwm	0.36838573

M05265_2.00.pwm	1.1067532

M05266_2.00.pwm	2.1691775

M05267_2.00.pwm	1.0925173

M05269_2.00.pwm	0.9586947

M05270_2.00.pwm	1.9537148

M05271_2.00.pwm	6.6243687

M05281_2.00.pwm	1.1560864

M05282_2.00.pwm	0.5348034

M05284_2.00.pwm	3.113297

M05290_2.00.pwm	2.1037197

M05291_2.00.pwm	3.2567034

M05293_2.00.pwm	1.3571372

M05294_2.00.pwm	1.3579023

M05295_2.00.pwm	1.1838808

M05297_2.00.pwm	1.9198523

M05298_2.00.pwm	1.4754425

M05299_2.00.pwm	1.4460018

M05300_2.00.pwm	4.916643

M05301_2.00.pwm	4.075817

M05302_2.00.pwm	2.8991003

M05303_2.00.pwm	3.8078105

M05311_2.00.pwm	0.9819094

M05312_2.00.pwm	1.6467693

M05314_2.00.pwm	1.0576612

M05316_2.00.pwm	4.58679

M05317_2.00.pwm	1.0337209

M05318_2.00.pwm	1.3419291

M05320_2.00.pwm	5.9563446

M05328_2.00.pwm	5.348447

M05329_2.00.pwm	2.5655925

M05331_2.00.pwm	3.1935103

M05333_2.00.pwm	2.8789916

M05334_2.00.pwm	5.9309077

M05335_2.00.pwm	1.7439576

M05336_2.00.pwm	1.5604842

M05337_2.00.pwm	2.4215305

M05338_2.00.pwm	2.0235298

M05340_2.00.pwm	1.8552742

M05341_2.00.pwm	3.2003236

M05342_2.00.pwm	2.203375

M05343_2.00.pwm	1.1487656

M05344_2.00.pwm	4.4524574

M05349_2.00.pwm	7.4577894

M05350_2.00.pwm	1.6017067

M05352_2.00.pwm	6.9926214

M05353_2.00.pwm	4.5619497

M05354_2.00.pwm	4.924904

M05355_2.00.pwm	4.7712407

M05356_2.00.pwm	4.8057747

M05357_2.00.pwm	3.7032878

M05358_2.00.pwm	6.2918615

M05359_2.00.pwm	1.7435837

M05361_2.00.pwm	3.9862008

M05362_2.00.pwm	2.58892

M05363_2.00.pwm	4.737991

M05364_2.00.pwm	2.6093862

M05365_2.00.pwm	4.5552588

M05366_2.00.pwm	0.33417797

M05367_2.00.pwm	0.51394475

M05368_2.00.pwm	2.8247457

M05369_2.00.pwm	1.6391773

M05370_2.00.pwm	3.847159

M05371_2.00.pwm	1.6218405

M05373_2.00.pwm	1.6444812

M05374_2.00.pwm	0.5864293

M05376_2.00.pwm	0.870425

M05377_2.00.pwm	2.4296796

M05378_2.00.pwm	1.2821728

M05379_2.00.pwm	1.6016754

M05383_2.00.pwm	0.99255425

M05386_2.00.pwm	0.68185306

M05387_2.00.pwm	1.3986981

M05389_2.00.pwm	1.8875644

M05390_2.00.pwm	0.6998656

M05391_2.00.pwm	0.70974374

M05392_2.00.pwm	1.0163407

M05873_2.00.pwm	2.2145903

M06210_2.00.pwm	1.3791978

M06211_2.00.pwm	1.9916574

M06213_2.00.pwm	0.97901106

M06214_2.00.pwm	0.91057825

M06215_2.00.pwm	2.1417751

M06216_2.00.pwm	0.5158406

M06217_2.00.pwm	2.1661887

M06218_2.00.pwm	0.8123784

M06223_2.00.pwm	5.834093

M06224_2.00.pwm	3.7872376

M06225_2.00.pwm	1.0057094

M06226_2.00.pwm	1.7847731

M06227_2.00.pwm	3.2866826

M06228_2.00.pwm	2.3833413

M06233_2.00.pwm	1.1843164

M06234_2.00.pwm	4.857019

M06235_2.00.pwm	0.5209238

M06240_2.00.pwm	1.1235378

M06241_2.00.pwm	3.5139606

M06242_2.00.pwm	2.074791

M06243_2.00.pwm	5.072341

M06244_2.00.pwm	8.13632

M06245_2.00.pwm	3.3433843

M06246_2.00.pwm	3.514018

M06251_2.00.pwm	1.2553924

M06253_2.00.pwm	2.0922184

M06254_2.00.pwm	2.6169055

M06256_2.00.pwm	0.98069096

M06257_2.00.pwm	1.1531122

M06258_2.00.pwm	0.81472176

M06259_2.00.pwm	0.67617774

M06264_2.00.pwm	1.3391461

M06265_2.00.pwm	0.80776775

M06266_2.00.pwm	2.2011719

M06267_2.00.pwm	0.79941607

M06270_2.00.pwm	1.2417996

M06271_2.00.pwm	0.6135407

M06273_2.00.pwm	2.166268

M06274_2.00.pwm	1.2979647

M06275_2.00.pwm	1.1541718

M06276_2.00.pwm	1.8536745

M06277_2.00.pwm	5.4592066

M06278_2.00.pwm	0.86979234

M06279_2.00.pwm	1.156106

M06280_2.00.pwm	0.47837096

M06281_2.00.pwm	2.2579117

M06283_2.00.pwm	0.79406214

M06284_2.00.pwm	1.9977939

M06285_2.00.pwm	2.8685036

M06286_2.00.pwm	0.8034026

M06287_2.00.pwm	1.6715264

M06288_2.00.pwm	1.0121436

M06289_2.00.pwm	1.7328994

M06290_2.00.pwm	1.2004914

M06291_2.00.pwm	1.9035567

M06292_2.00.pwm	0.6005466

M06293_2.00.pwm	0.6838348

M06294_2.00.pwm	0.595431

M06297_2.00.pwm	1.0944188

M06298_2.00.pwm	0.49037325

M06299_2.00.pwm	1.3901243

M06300_2.00.pwm	0.94250023

M06301_2.00.pwm	1.2396638

M06302_2.00.pwm	0.61058027

M06305_2.00.pwm	1.7573413

M06306_2.00.pwm	1.0765352

M06307_2.00.pwm	1.3633065

M06308_2.00.pwm	0.78045547

M06309_2.00.pwm	1.137541

M06310_2.00.pwm	1.3592727

M06313_2.00.pwm	1.8663595

M06314_2.00.pwm	1.3602093

M06315_2.00.pwm	1.7730811

M06316_2.00.pwm	1.0077306

M06317_2.00.pwm	1.1642773

M06318_2.00.pwm	0.39653856

M06319_2.00.pwm	0.9472595

M06320_2.00.pwm	0.5378167

M06323_2.00.pwm	0.87639976

M06324_2.00.pwm	0.693605

M06330_2.00.pwm	1.0286416

M06332_2.00.pwm	1.6811337

M06333_2.00.pwm	0.47051027

M06335_2.00.pwm	0.60000587

M06336_2.00.pwm	0.9585014

M06337_2.00.pwm	1.8030605

M06338_2.00.pwm	0.5207244

M06340_2.00.pwm	0.48449588

M06341_2.00.pwm	2.9816785

M06342_2.00.pwm	1.0819508

M06343_2.00.pwm	1.2772441

M06344_2.00.pwm	1.3460172

M06346_2.00.pwm	1.2537959

M06353_2.00.pwm	0.9536871

M06355_2.00.pwm	0.80397594

M06356_2.00.pwm	1.1537259

M06357_2.00.pwm	0.8817853

M06360_2.00.pwm	1.2930825

M06361_2.00.pwm	2.1472187

M06362_2.00.pwm	2.4265244

M06363_2.00.pwm	3.8255932

M06364_2.00.pwm	1.664331

M06366_2.00.pwm	1.754169

M06367_2.00.pwm	0.8382916

M06368_2.00.pwm	1.455205

M06375_2.00.pwm	4.113531

M06376_2.00.pwm	0.6548357

M06377_2.00.pwm	2.7388315

M06378_2.00.pwm	4.337174

M06379_2.00.pwm	0.7692931

M06475_2.00.pwm	1.6420921

M06476_2.00.pwm	1.4097967

M06477_2.00.pwm	2.0924768

M06479_2.00.pwm	2.1280503

M06481_2.00.pwm	1.6691915

M06484_2.00.pwm	0.88215053

M06489_2.00.pwm	1.5595927

M06490_2.00.pwm	2.6483972

M06491_2.00.pwm	2.0314918

M06498_2.00.pwm	0.94574934

M06499_2.00.pwm	2.166268

M06502_2.00.pwm	0.62799966

M06503_2.00.pwm	1.461152

M06504_2.00.pwm	1.6561724

M06509_2.00.pwm	0.9477053

M06511_2.00.pwm	1.1057394

M06516_2.00.pwm	0.87779444

M06521_2.00.pwm	0.9472595

M06523_2.00.pwm	1.3600912

M06524_2.00.pwm	0.81391096

M06527_2.00.pwm	1.5577112

M06528_2.00.pwm	1.0286416

M06530_2.00.pwm	1.0001928

M06532_2.00.pwm	1.4241297

M06535_2.00.pwm	1.220247

M06538_2.00.pwm	1.7284768

M06539_2.00.pwm	1.0138044

M06544_2.00.pwm	1.7369049

M06546_2.00.pwm	0.8819828

M06549_2.00.pwm	2.32338

M07484_2.00.pwm	2.9548655

M07485_2.00.pwm	3.2367501

M07486_2.00.pwm	1.9291734

M07971_2.00.pwm	10.646948

M08132_2.00.pwm	4.1736903

M08136_2.00.pwm	3.5801497

M08137_2.00.pwm	9.157067

M08138_2.00.pwm	8.966915

M08139_2.00.pwm	1.9178474

M08209_2.00.pwm	2.2371113

M08420_2.00.pwm	2.0090735

M08421_2.00.pwm	2.1897779

M08423_2.00.pwm	2.2380128

M08457_2.00.pwm	3.1884186

M08570_2.00.pwm	2.8126917

M08572_2.00.pwm	3.1750543

M08573_2.00.pwm	1.0655749

M08576_2.00.pwm	2.7160497

M09132_2.00.pwm	1.2288053

M09133_2.00.pwm	6.6178713

M09134_2.00.pwm	2.8403504

M09135_2.00.pwm	1.1155722

M09138_2.00.pwm	1.0675298

M09139_2.00.pwm	7.299893

M09140_2.00.pwm	1.8295339

M09143_2.00.pwm	2.3217537

M09147_2.00.pwm	4.2798443

M09148_2.00.pwm	6.210347

M09149_2.00.pwm	11.393398

M09150_2.00.pwm	12.843222

M09152_2.00.pwm	7.117524

M09153_2.00.pwm	0.8679932

M09155_2.00.pwm	2.5895452

M09158_2.00.pwm	4.7757635

M09159_2.00.pwm	3.135767

M09160_2.00.pwm	2.6822584

M09161_2.00.pwm	2.7239234

M09162_2.00.pwm	1.4906338

M09164_2.00.pwm	2.8455532

M09165_2.00.pwm	4.1887264

M09172_2.00.pwm	1.6708496

M09173_2.00.pwm	9.881782

M09174_2.00.pwm	6.6488867

M09177_2.00.pwm	1.5501895

M09178_2.00.pwm	6.210347

M09183_2.00.pwm	0.99057233

M09184_2.00.pwm	1.1932406

M09186_2.00.pwm	1.8295339

M09187_2.00.pwm	3.1095757

M09188_2.00.pwm	2.830038

M09189_2.00.pwm	2.3217537

M09192_2.00.pwm	1.4950986

M09194_2.00.pwm	1.1435673

M09196_2.00.pwm	6.6178713

M09198_2.00.pwm	3.5913434

M09200_2.00.pwm	5.3362126

M09201_2.00.pwm	2.6822584

M09202_2.00.pwm	2.8403504

M09203_2.00.pwm	7.4581165

M09204_2.00.pwm	1.490634

M09206_2.00.pwm	6.714453

M09207_2.00.pwm	0.7017883

M09208_2.00.pwm	1.2288053

M09210_2.00.pwm	2.1376252

M09211_2.00.pwm	2.237303

M09212_2.00.pwm	1.0675298

M09214_2.00.pwm	6.5720673

M09215_2.00.pwm	3.44424

M09561_2.00.pwm	7.2585278

M09562_2.00.pwm	1.0276306

M09563_2.00.pwm	1.2804435

M09564_2.00.pwm	3.9278083

M09566_2.00.pwm	7.094132

M09568_2.00.pwm	3.1600986

M09569_2.00.pwm	0.61854225

M09570_2.00.pwm	1.037123

M09571_2.00.pwm	6.2006383

M09573_2.00.pwm	1.2327445

M09576_2.00.pwm	5.62149

M09577_2.00.pwm	0.54105073

M09579_2.00.pwm	5.0409384

M09580_2.00.pwm	0.984859

M09583_2.00.pwm	9.314424

M09672_2.00.pwm	1.8657281

M09674_2.00.pwm	0.8900975

M09675_2.00.pwm	3.2137754

M09676_2.00.pwm	3.2336783

M09678_2.00.pwm	1.1037588

M09681_2.00.pwm	0.41413614

M09682_2.00.pwm	2.1511867

M09683_2.00.pwm	1.1045043

M10652_2.00.pwm	8.920182

M10672_2.00.pwm	7.2391825

M10676_2.00.pwm	3.0103393

M10709_2.00.pwm	2.778075

M10715_2.00.pwm	5.1430435

M10718_2.00.pwm	4.6623836

M10740_2.00.pwm	3.5893936

M10741_2.00.pwm	5.605479

M10746_2.00.pwm	10.891811

M10748_2.00.pwm	3.1672945

M10762_2.00.pwm	3.8443775

M10779_2.00.pwm	1.9537251

M10784_2.00.pwm	2.2366462

M10788_2.00.pwm	1.9681259

M10791_2.00.pwm	6.4790263

M10795_2.00.pwm	3.349894

