M00055_2.00	0.27909516550474667
M00056_2.00	1.5105520403469592
M00057_2.00	1.3560860487075006
M00058_2.00	1.061203344675295
M00059_2.00	0.1610775079415221
M00169_2.00	0.430091695446761
M00170_2.00	0.159857844959851
M00172_2.00	0.22177200109233106
M00260_2.00	0.9158524113347062
M00261_2.00	0.4956491262710383
M00262_2.00	2.6015921208859005
M00263_2.00	1.1331356496444405
M00264_2.00	0.44429839201611054
M00265_2.00	0.7604843674589695
M00266_2.00	0.48797979969086236
M00267_2.00	0.49175394057271016
M00268_2.00	0.482044006343624
M00269_2.00	0.5356075199079731
M00270_2.00	0.433917962108753
M00271_2.00	0.5279079509191366
M00272_2.00	0.6373434595576343
M00273_2.00	0.8392359095088824
M00274_2.00	0.9459700286574242
M00275_2.00	0.9339306478249157
M00276_2.00	4.414916496760975
M00277_2.00	0.642349508350308
M00278_2.00	1.1076544461149407
M00279_2.00	1.3708985061902932
M00280_2.00	2.8476848755521527
M00281_2.00	1.354027737119182
M00282_2.00	1.237229992701745
M00283_2.00	0.24159225407116272
M00284_2.00	0.21975016918145734
M00285_2.00	4.442994916422678
M00286_2.00	0.6814633935779464
M00287_2.00	1.0879472300191453
M00288_2.00	0.25764053491280065
M00289_2.00	0.18229460007586884
M00290_2.00	0.16442577013924053
M00291_2.00	0.19800159427368125
M00292_2.00	0.1783796844840732
M00293_2.00	0.17372671110098525
M00294_2.00	1.0493711906225112
M00295_2.00	0.1712157520510865
M00296_2.00	1.7538533380185464
M00297_2.00	0.7875751752609241
M00298_2.00	0.14368157471032414
M00299_2.00	0.18169137091893509
M00300_2.00	0.44731761935001235
M00301_2.00	0.5904845405494865
M00302_2.00	0.540389244487364
M00303_2.00	0.9564928728090873
M00304_2.00	6.626790324152486
M00305_2.00	0.9733848708143065
M00306_2.00	0.32774260771814956
M00307_2.00	0.3207086078219406
M00308_2.00	3.2130315569794963
M00309_2.00	1.5275881538813403
M00310_2.00	0.2452281438026838
M00311_2.00	0.5525828953323602
M00312_2.00	3.330564831458454
M00313_2.00	0.43813340025302366
M00314_2.00	0.25499667813998467
M00315_2.00	0.8601029169891661
M00316_2.00	1.1317751225426391
M00317_2.00	0.3133018459776059
M00318_2.00	0.32781611313701786
M00319_2.00	0.3335382554434504
M00320_2.00	0.18165094701220574
M00321_2.00	0.17844621400802163
M00322_2.00	2.0228453882833937
M00323_2.00	1.286210089480112
M00324_2.00	2.1995156365385315
M00325_2.00	0.22429554260290624
M00326_2.00	0.20199213887960393
M00327_2.00	0.1551862936887259
M00328_2.00	0.6204871338632822
M00329_2.00	0.18995286283714952
M00330_2.00	0.5912225924737048
M00380_2.00	0.10368123911299656
M00381_2.00	1.1368501885723683
M00382_2.00	0.4263779272820169
M00383_2.00	0.2056534418402303
M00384_2.00	0.2693246200127805
M00385_2.00	0.2969373367301582
M00386_2.00	0.4212818569556648
M00387_2.00	0.21606415260040576
M00388_2.00	0.28576250029104544
M00389_2.00	0.5019344224752555
M00390_2.00	0.6419024794274832
M00391_2.00	0.3018242610829146
M00392_2.00	0.562880875271297
M00393_2.00	0.49720039591998477
M00394_2.00	0.37670679370668386
M00395_2.00	0.2787687983008667
M00396_2.00	0.23872878849131657
M00397_2.00	0.1510779171885216
M00398_2.00	0.1393361750723636
M00399_2.00	2.3367466312448073
M00400_2.00	0.5326043492684747
M00401_2.00	0.5508033096210598
M00402_2.00	0.24799114032692549
M00403_2.00	0.2121220936420045
M00404_2.00	0.14798274193580419
M00405_2.00	0.32553930441183515
M00406_2.00	0.06390645707757212
M00407_2.00	0.6103423480772354
M00408_2.00	2.7781543944786113
M00409_2.00	0.18065837676424193
M00410_2.00	0.4009528739209792
M00411_2.00	0.21570777676752534
M00412_2.00	1.4520180199564932
M00413_2.00	0.39223421978640927
M00414_2.00	0.12757163541901978
M00415_2.00	0.11783627709132943
M00416_2.00	0.1871369682683954
M00417_2.00	0.25916524591600404
M00418_2.00	0.2919573440751601
M00419_2.00	0.8658706026994051
M00420_2.00	0.16943411859436186
M00421_2.00	0.730255370652537
M00422_2.00	0.2978152472117972
M00423_2.00	0.3772733369211417
M00424_2.00	0.13332273484086057
M00425_2.00	0.5621367188037093
M00426_2.00	0.12756559198464426
M00427_2.00	0.6448962503821656
M00428_2.00	0.1926831910937552
M00429_2.00	0.22662873051519894
M00430_2.00	0.2724763834848058
M00431_2.00	0.1295832884622413
M00432_2.00	0.9707474637080504
M00433_2.00	0.1250789351497467
M00434_2.00	1.0026308785765727
M00435_2.00	0.2885978784519396
M00436_2.00	0.782222622475398
M00437_2.00	0.9069441742335116
M00438_2.00	0.2329633195522932
M00439_2.00	0.16823781369494278
M00440_2.00	0.06275605844824456
M00441_2.00	0.09248567788116985
M00442_2.00	0.09772677327712258
M00443_2.00	0.20586283528286567
M00445_2.00	0.30047786004458743
M00446_2.00	0.7053938229142023
M00447_2.00	0.5928967517450139
M00448_2.00	0.4424423089066637
M00449_2.00	0.4249645861928315
M00450_2.00	0.43132454156016464
M00451_2.00	2.5125216798845833
M00452_2.00	0.19922184118476544
M00453_2.00	1.8021682835441681
M00454_2.00	1.7615581098611701
M00455_2.00	0.43296654278150104
M00456_2.00	0.24794188059889802
M00457_2.00	0.2656198424595647
M00458_2.00	0.6927049666901015
M00459_2.00	0.12207793018426533
M00460_2.00	0.21366781657969475
M00461_2.00	0.8179960355462681
M00462_2.00	0.9967238757416601
M00463_2.00	2.073944416550315
M00464_2.00	0.13710332514531773
M00465_2.00	0.279243237281927
M00466_2.00	0.49037005491334074
M00467_2.00	0.14402234844798154
M00468_2.00	3.5173814243237684
M00469_2.00	0.10795959241664912
M00470_2.00	1.2054115685861175
M00471_2.00	1.3097681832420607
M00472_2.00	1.4447642769286957
M00473_2.00	0.11933492304457335
M00474_2.00	0.8993932694065903
M00475_2.00	0.7984694039385165
M00476_2.00	0.5616033898720284
M00477_2.00	0.7833265453990037
M00478_2.00	0.34243601309503413
M00479_2.00	0.2893668063000421
M00480_2.00	0.5498953161610391
M00481_2.00	0.6946371353755063
M00482_2.00	1.1230652869009787
M00483_2.00	0.4185281682231207
M00484_2.00	0.4296801807684364
M00485_2.00	0.6151029902187053
M00486_2.00	0.531776982396848
M00487_2.00	0.16090206601153217
M00488_2.00	0.19346890174968256
M00489_2.00	0.19109259312338922
M00490_2.00	0.1340962935238978
M00491_2.00	0.2477597659895675
M00492_2.00	0.22135713656442485
M00493_2.00	0.8149183937557034
M00494_2.00	0.24585603193639488
M00495_2.00	0.30320709890747755
M00496_2.00	0.20292215713219536
M00497_2.00	0.1189469976856509
M00498_2.00	0.6512657865014432
M00499_2.00	0.21005514300213857
M00500_2.00	0.4696159750661283
M00501_2.00	0.2605649795708337
M00502_2.00	0.1476885018008609
M00503_2.00	0.12093019393521745
M00504_2.00	0.09789278489310188
M00505_2.00	0.39018527493773714
M00506_2.00	0.1918488582039642
M00507_2.00	0.3636661252912416
M00508_2.00	0.8569425172992784
M00509_2.00	2.3267503333963195
M00510_2.00	0.47287347077733927
M00511_2.00	0.32609815190112657
M00512_2.00	0.6784065519392273
M00513_2.00	1.5738178231139872
M00514_2.00	0.22901655024088324
M00515_2.00	0.1804768109090426
M00516_2.00	0.1970159786863288
M00517_2.00	0.5618204888585077
M00518_2.00	0.1422055600767575
M00519_2.00	0.7681994285912428
M00520_2.00	0.3140743299868668
M00521_2.00	0.4453963685338714
M00522_2.00	0.45761656730078226
M00523_2.00	0.10887457748881264
M00524_2.00	0.40840328858609454
M00525_2.00	0.31409697462960284
M00526_2.00	1.6553037320593083
M00527_2.00	0.2399396826399538
M00528_2.00	0.2705804867351539
M00529_2.00	0.3956823803815596
M00530_2.00	0.32045881312208113
M00531_2.00	0.7203516543193693
M00532_2.00	0.27840354029330106
M00554_2.00	0.434657779759804
M00555_2.00	0.1156710883864954
M00556_2.00	0.8100513228574535
M00557_2.00	0.18571580005682448
M00558_2.00	0.49007369993755046
M00559_2.00	0.5777974662355128
M00560_2.00	0.32368383212272983
M00561_2.00	0.26426436860702796
M00562_2.00	0.5569599022512539
M00563_2.00	0.7042229374964699
M00800_2.00	0.2888294917738833
M01239_2.00	0.2984411085292318
M01240_2.00	1.7126097147022135
M01241_2.00	0.24495896222488872
M01242_2.00	0.5652124297621488
M01243_2.00	0.2620858577719094
M01244_2.00	0.22173952384144036
M01245_2.00	0.05540506746387702
M01246_2.00	2.4612186887122895
M01249_2.00	0.28378653120356684
M01252_2.00	0.3251845789214429
M01253_2.00	0.45137798823236164
M01254_2.00	0.1915204784920054
M01503_2.00	0.16332005796824473
M01504_2.00	0.13627887036151037
M01505_2.00	0.3482147706551097
M01506_2.00	0.3255174261477789
M01507_2.00	0.1674213951195591
M01508_2.00	0.159654301800957
M01550_2.00	6.03898947278163
M01551_2.00	0.7670856655268784
M01552_2.00	0.28981495363210863
M01553_2.00	0.1721739599960836
M02032_2.00	0.3619280302091826
M02033_2.00	0.23503970531682672
M02034_2.00	0.11485394668401483
M02035_2.00	0.16982078348444735
M02036_2.00	0.1634955944679073
M02056_2.00	0.7023763640245637
M02057_2.00	0.24225103609527954
M02058_2.00	0.32476524829018516
M02059_2.00	0.19920998648474675
M02060_2.00	0.2700730003545605
M02062_2.00	0.10033750388155661
M02063_2.00	0.6308360284055914
M02064_2.00	0.18454998050095678
M02065_2.00	0.5600700205977889
M02068_2.00	0.098231137760444
M02071_2.00	4.573333520277356
M02072_2.00	0.4254846655796307
M02073_2.00	0.22713964188310984
M02074_2.00	0.19705959387272476
M02075_2.00	1.2147799033792261
M02076_2.00	0.16960616346582758
M02077_2.00	0.305226890835498
M02078_2.00	1.0111679315071849
M02079_2.00	0.8476804119127352
M02080_2.00	0.27669701315818596
M02081_2.00	0.2537690024011919
M02083_2.00	1.3898157726528924
M02084_2.00	0.2570969066854287
M02085_2.00	0.7813770607153026
M02086_2.00	1.0356098358988268
M02087_2.00	0.9503827891844734
M02088_2.00	0.16595879719469556
M02089_2.00	0.1141423293092266
M02090_2.00	0.34432208240771234
M02091_2.00	1.0361290134907502
M02092_2.00	0.3653244404218028
M02093_2.00	0.35910665604758996
M02094_2.00	1.6427601727629173
M02095_2.00	0.08282468724859136
M02096_2.00	2.1390445786441616
M02097_2.00	0.21629702762251446
M02098_2.00	0.6941876064468913
M02099_2.00	0.08565795567559636
M02100_2.00	0.33474001700913025
M02101_2.00	0.17438805591330225
M02102_2.00	0.3601073324647271
M02103_2.00	0.28832661015236083
M02104_2.00	8.204343436284981
M02105_2.00	1.5288020203218766
M02106_2.00	0.3675153723464104
M02107_2.00	0.4258249297488688
M02108_2.00	0.08066838027278547
M02109_2.00	0.2197172068988238
M02110_2.00	1.8129221503458381
M02111_2.00	0.12995158594620237
M02112_2.00	0.5999254464618916
M02113_2.00	0.4371402216644322
M02114_2.00	0.2088057621453166
M02115_2.00	0.3911291476165325
M02116_2.00	0.7682607856216708
M02117_2.00	0.5142746720194814
M02118_2.00	0.13648464078864497
M02119_2.00	0.48926772627634835
M02120_2.00	0.3304164757290998
M02121_2.00	0.14336074946614263
M02122_2.00	1.438003050149002
M02123_2.00	0.19542744770302847
M02124_2.00	2.8013226663595816
M02125_2.00	0.27574017513859583
M02127_2.00	0.6048974286670818
M02128_2.00	0.4999206638962881
M02137_2.00	0.17455745964659058
M02138_2.00	0.4865881062946712
M02139_2.00	0.27595712300817954
M02159_2.00	0.21094548639969019
M02160_2.00	3.4780180378909593
M02162_2.00	0.2697779819051239
M02163_2.00	1.8770524354080806
M02164_2.00	1.2237095307248849
M02165_2.00	0.3044821282732424
M02166_2.00	1.483209210156834
M02167_2.00	0.4111390798792376
M02168_2.00	0.2267678740832062
M02169_2.00	0.09839934872241084
M02170_2.00	0.2495512725692719
M02173_2.00	0.22401383237076988
M02174_2.00	0.21464805871642825
M02177_2.00	0.9446475099149859
M02178_2.00	0.12016634453639888
M02189_2.00	5.55584400647143
M02190_2.00	0.6430398972512124
M02191_2.00	0.35019907789773164
M02192_2.00	1.059962341229853
M02193_2.00	0.21611872554048883
M02194_2.00	0.3336055598357959
M02220_2.00	1.229203015440541
M02222_2.00	0.5752078107079538
M02223_2.00	0.3359906460906008
M02224_2.00	0.27774351960251564
M02225_2.00	0.7034322028477397
M02226_2.00	0.17254158584291607
M02227_2.00	0.9055612389659515
M02228_2.00	0.14928189978270576
M02229_2.00	0.2855912081080758
M02230_2.00	0.12975045801530224
M02231_2.00	0.3822522596367033
M02685_2.00	1.4973671348192463
M02686_2.00	2.951158676025023
M02687_2.00	2.4304285444074516
M02688_2.00	0.33026124379971694
M02740_2.00	1.1225582613844947
M02741_2.00	4.505403366950677
M03076_2.00	2.2920612565636524
M03077_2.00	0.8158070400778066
M03078_2.00	3.6060931736003257
M03079_2.00	2.085972279395439
M03080_2.00	0.2756779788942508
M03081_2.00	0.12042444358726762
M03082_2.00	0.11981348959037616
M03083_2.00	0.15979918337741472
M03084_2.00	0.09799711364200556
M03085_2.00	2.412189393624842
M03086_2.00	1.4618543503379864
M03087_2.00	0.326772694089948
M03088_2.00	0.6730222412557334
M03089_2.00	1.6899667253765314
M03090_2.00	1.0021438215666902
M03091_2.00	1.650581050914057
M03092_2.00	0.9679263760980119
M03093_2.00	1.414525650396166
M03094_2.00	0.8318275525095686
M03095_2.00	0.16942715439398026
M03096_2.00	0.5347583424087501
M03097_2.00	0.2554953438224715
M03098_2.00	4.894484536779394
M03099_2.00	1.9114159686529213
M03100_2.00	1.0190365051425798
M03101_2.00	2.401843092611146
M03102_2.00	1.4539229711404562
M03103_2.00	0.39816782871891043
M03104_2.00	4.345553218279309
M03105_2.00	5.8739511751891635
M03106_2.00	0.38444970839516857
M03107_2.00	3.7404273916883732
M03108_2.00	1.3003670976502093
M03109_2.00	5.321879451142765
M03110_2.00	5.947107648748302
M03111_2.00	0.08223693578574065
M03112_2.00	0.3305179586558464
M03113_2.00	1.1643584313570055
M03114_2.00	1.438670856628781
M03115_2.00	0.3496538893607689
M03116_2.00	2.685105835066439
M03117_2.00	0.375310039829598
M03118_2.00	0.23495282283822472
M03119_2.00	0.3135509945044582
M03120_2.00	0.16849563388161895
M03121_2.00	0.15353227221992588
M03122_2.00	1.4893281664804112
M03123_2.00	2.1271596555271515
M03124_2.00	0.39012179116144885
M03125_2.00	0.4880251866577141
M03126_2.00	0.2207804906939463
M03127_2.00	4.480637583384434
M03128_2.00	0.5990401879966036
M03129_2.00	1.0065799000120705
M03130_2.00	0.9394370908972516
M03131_2.00	0.4702539366448214
M03132_2.00	0.4760289893186461
M03133_2.00	0.7520404666312139
M03134_2.00	0.5349037315876258
M03135_2.00	0.7006092187275819
M03136_2.00	1.183988498624796
M03137_2.00	0.1152044071458854
M03138_2.00	0.12139153729863958
M03139_2.00	1.071517862777866
M03140_2.00	0.49769933123697774
M03141_2.00	0.9467415026055123
M03142_2.00	2.152632276236403
M03143_2.00	0.5153722591346882
M03144_2.00	2.5799536542226846
M03145_2.00	0.5533800366069597
M03146_2.00	0.18240413238235167
M03147_2.00	2.602811574656805
M03148_2.00	1.2964384803107412
M03149_2.00	0.2660459146860524
M03150_2.00	3.0948410123916146
M03151_2.00	0.11447248907883134
M03152_2.00	3.8532481926099
M03153_2.00	0.3179411964046736
M03154_2.00	0.38831260962127195
M03155_2.00	3.265999566365726
M03156_2.00	0.5705816387128884
M03157_2.00	0.4129616115327872
M03158_2.00	0.18991191152666426
M03159_2.00	2.1273982167221615
M03160_2.00	0.47841529395217985
M03161_2.00	0.2626946404591254
M03162_2.00	2.6747773233820253
M03163_2.00	0.8363044289864829
M03164_2.00	8.728893776499596
M03165_2.00	0.7962712246577529
M03166_2.00	0.33374224136597047
M03167_2.00	4.666434575098894
M03168_2.00	0.20076521595703514
M03169_2.00	1.6045806604795056
M03170_2.00	9.549044118329384
M03171_2.00	0.847089953169293
M03172_2.00	0.49620136214786537
M03173_2.00	0.39187830690664205
M03174_2.00	2.7025636693427932
M03175_2.00	1.125434023627164
M03176_2.00	1.143792435445837
M03177_2.00	0.5524190609226456
M03178_2.00	1.1636148295262385
M03179_2.00	0.33018989985116237
M03180_2.00	0.2588621097700101
M03181_2.00	3.5311468021367034
M03182_2.00	0.3251598217753694
M03183_2.00	1.9290130674025556
M03184_2.00	3.1413633297432466
M03185_2.00	0.5507626996288933
M03186_2.00	0.45700774703810454
M03187_2.00	1.2424809609882708
M03188_2.00	7.921781743150241
M03189_2.00	0.9180435368262114
M03190_2.00	0.41670044025762687
M03191_2.00	1.2650873462137153
M03192_2.00	0.3830892807008557
M03193_2.00	0.41131637314217817
M03194_2.00	1.244724416933705
M03195_2.00	0.7438203442326727
M03196_2.00	0.9113392710699885
M03197_2.00	2.948662734334812
M03198_2.00	0.22256028260893834
M03199_2.00	1.5949783545682483
M03200_2.00	0.0818622479139615
M03201_2.00	1.2821961918215612
M03202_2.00	3.309332472865078
M03203_2.00	0.16036195359347666
M03204_2.00	0.1724657234389703
M03205_2.00	0.39677684648973593
M03206_2.00	4.165025713971047
M03207_2.00	1.6888363308291194
M03208_2.00	0.9985409506189769
M03209_2.00	2.8355403070803593
M03210_2.00	0.319757081738601
M03211_2.00	2.920748831040812
M03212_2.00	1.6892059726672488
M03213_2.00	0.16783483050849116
M03214_2.00	0.08633256020983018
M03215_2.00	0.45319389452048897
M03216_2.00	2.054938095317169
M03217_2.00	0.9933297463199005
M03218_2.00	2.6026417447595698
M03219_2.00	0.3388145664631106
M03220_2.00	0.3578699010509837
M03221_2.00	1.1722923855627323
M03222_2.00	1.3661975344480959
M03223_2.00	2.6964389113101666
M03224_2.00	2.2030579922515896
M03225_2.00	0.9718110463971308
M03226_2.00	0.2939533152597083
M03227_2.00	0.28110157956467835
M03228_2.00	1.0425311595015536
M03229_2.00	0.46908925085392855
M03230_2.00	0.46920018369106425
M03231_2.00	1.3144732722129513
M03232_2.00	0.1669004034593643
M03233_2.00	0.20486489833893207
M03234_2.00	0.2928328709472269
M03235_2.00	0.4082166822479879
M03236_2.00	0.1252337163361018
M03237_2.00	0.4475102555803351
M03238_2.00	3.989054835246437
M03241_2.00	0.4500855467553123
M03243_2.00	0.4718012675166375
M03247_2.00	0.8306448261891446
M03248_2.00	0.8215995238776175
M03249_2.00	2.761099509623221
M03250_2.00	0.17064179196922538
M03251_2.00	0.2498055775416701
M03252_2.00	0.5308804686204044
M03253_2.00	0.6528232496353124
M03254_2.00	0.08614358838787006
M03255_2.00	3.1373003741670535
M03256_2.00	0.5462656876001994
M03257_2.00	0.4352572497829191
M03258_2.00	0.38612805955852986
M03259_2.00	0.19239208235773164
M03260_2.00	2.6295842230800828
M03261_2.00	1.1757585177697751
M03262_2.00	0.6414861882400296
M03263_2.00	0.19022737565312914
M03264_2.00	2.0473530255878454
M03265_2.00	0.5887051557855113
M03266_2.00	4.264856145560255
M03267_2.00	0.1664186297134025
M03268_2.00	0.22454040531141517
M03269_2.00	2.434415703992985
M03270_2.00	0.8096359937712225
M03271_2.00	0.310465834573999
M03272_2.00	1.2843190711830654
M03273_2.00	0.811857230091459
M03274_2.00	0.8148699886028685
M03275_2.00	4.661633261576286
M03276_2.00	0.7264323621324102
M03277_2.00	0.18463479690891818
M03278_2.00	2.250770471724678
M03279_2.00	0.3563920145809151
M03280_2.00	2.6269403234744266
M03281_2.00	0.2933039189612843
M03282_2.00	2.1101039294530892
M03283_2.00	1.9017786715857046
M03284_2.00	0.980087407725914
M03285_2.00	3.5812829210343073
M03286_2.00	0.2215353184432861
M03287_2.00	0.4557708217506683
M03770_2.00	1.1477948359090013
M03771_2.00	0.34434032071220255
M03772_2.00	0.9235353470678666
M03773_2.00	7.52045394036132
M03774_2.00	5.371180169380087
M03775_2.00	11.808402349313607
M03776_2.00	2.497932843236086
M03777_2.00	0.22791254388827156
M03778_2.00	0.17480109800996155
M03779_2.00	0.29103986135818727
M03780_2.00	1.4034558048983257
M03781_2.00	1.2121599398458272
M03782_2.00	1.4127624755934902
M03783_2.00	1.4968674652032654
M03784_2.00	0.6280724481057286
M03785_2.00	0.857730598386471
M03786_2.00	3.7204118325251514
M03787_2.00	3.2306582932709347
M03788_2.00	0.21431773985745523
M03789_2.00	0.3488570233155337
M03790_2.00	2.8603554552491834
M03791_2.00	0.2784226344738292
M03792_2.00	2.707971295428589
M03793_2.00	0.25647435733707624
M03794_2.00	0.635332246452168
M03795_2.00	0.7642896167723829
M03796_2.00	0.4361537642923051
M03797_2.00	0.6631903925922649
M03798_2.00	0.4995575405095859
M03799_2.00	0.2699797254038075
M03800_2.00	0.22468898038132512
M03801_2.00	2.6480468404002195
M03802_2.00	2.6774571713578994
M03803_2.00	2.5609980822371363
M03804_2.00	0.20893373361054965
M03805_2.00	0.2806153370662738
M03806_2.00	0.31373224824908974
M03807_2.00	4.249176864509118
M03808_2.00	0.49056493143964447
M03809_2.00	0.302328825797103
M03810_2.00	0.5551417095914705
M03811_2.00	0.4178530718851575
M03812_2.00	0.47318751050003294
M03813_2.00	3.251673080147347
M03814_2.00	1.689431943547786
M03815_2.00	0.40134911119668976
M03816_2.00	3.5100229859663865
M03817_2.00	0.29898027972449037
M03818_2.00	2.506422134527693
M03819_2.00	2.7064623454408183
M03820_2.00	3.1391616940132776
M03821_2.00	3.2918087550070823
M03822_2.00	1.238030710015926
M03823_2.00	1.2350887266834096
M03824_2.00	1.102628923344456
M03825_2.00	3.422222088672306
M03826_2.00	1.5453571330531297
M03827_2.00	0.8426199156153436
M03828_2.00	3.5586095746031505
M03829_2.00	0.6531511714097813
M03830_2.00	0.44802226900803765
M03831_2.00	0.20715497658622972
M03832_2.00	0.39566045814628886
M03833_2.00	0.4447546738222865
M03834_2.00	0.33817147797630137
M03835_2.00	0.22424313759141562
M03836_2.00	0.6762322559330444
M03837_2.00	2.7920436292919373
M03838_2.00	6.427380034645042
M03839_2.00	8.118091361086108
M03840_2.00	0.2228496025528093
M03841_2.00	2.8512374947417065
M03842_2.00	0.2068431937481212
M03843_2.00	0.16166225628753486
M03844_2.00	0.9092159672779873
M03845_2.00	0.18354621406913074
M03846_2.00	2.201015083092021
M03847_2.00	2.3104910460078005
M03848_2.00	0.6795343448430753
M03849_2.00	1.81938101145837
M03850_2.00	4.2566468667651005
M03851_2.00	0.14974470851269503
M03852_2.00	2.77735896140521
M03853_2.00	0.5328028022011572
M03854_2.00	0.6894322906953938
M03855_2.00	2.089995311942216
M03856_2.00	1.7664917194482013
M03857_2.00	0.30548439486479845
M03858_2.00	0.9737623007599718
M03859_2.00	1.8844134056930377
M03860_2.00	0.21612749305641618
M03861_2.00	3.3373191767683763
M03862_2.00	3.2864379114958826
M03863_2.00	0.14397534403273954
M03864_2.00	3.5527679822331697
M03865_2.00	6.117573134744179
M03866_2.00	0.3778086078160928
M03867_2.00	2.4101116943681364
M03868_2.00	2.9891350323530137
M03869_2.00	0.20810604815547956
M03870_2.00	0.18616075744471075
M03871_2.00	0.88559048888375
M03872_2.00	1.4184535759960712
M03873_2.00	1.0312399878970548
M03874_2.00	2.3606697133951693
M03875_2.00	0.6930167911909946
M03876_2.00	0.883228751181925
M03877_2.00	1.7813763055374912
M03878_2.00	0.6464307814676404
M04895_2.00	0.6883254987916005
M04896_2.00	0.17386785815584446
M04897_2.00	1.263629821779006
M04898_2.00	0.4652162144060163
M04899_2.00	1.3542345665604647
M04900_2.00	0.795711291788626
M04901_2.00	1.2303173620713537
M04902_2.00	0.38551070725233605
M04903_2.00	0.7925293751608827
M04904_2.00	0.3301470931546711
M04905_2.00	1.2698547195871606
M04906_2.00	1.2045108771531403
M04907_2.00	0.6726891601782241
M04908_2.00	0.7735880392879508
M04909_2.00	0.7849271940011222
M04910_2.00	0.6205564329182571
M04911_2.00	0.6303996461863621
M04912_2.00	1.0151860526812155
M04913_2.00	0.548386125025079
M04914_2.00	1.132263700252351
M04915_2.00	1.8711017989047778
M04916_2.00	2.1205818081354812
M04917_2.00	0.38553486389921454
M04918_2.00	0.3642909919216997
M04919_2.00	1.7049511298576436
M04920_2.00	0.18124650125306146
M04921_2.00	0.16888445494497212
M04922_2.00	0.32305629800106916
M04923_2.00	3.3160981500944766
M04924_2.00	0.3731657365341997
M04925_2.00	0.4201218283396551
M04926_2.00	1.600224365396604
M04927_2.00	0.2768737271343117
M04928_2.00	0.34391812232968366
M04929_2.00	0.26159071414726326
M04930_2.00	0.23173181076171478
M04931_2.00	0.40169650125162987
M04932_2.00	4.794649033299121
M04933_2.00	1.735767849820164
M04934_2.00	2.6718751687893745
M04935_2.00	2.0486993782440295
M04936_2.00	0.6385350349357946
M04937_2.00	1.5474290611140373
M04938_2.00	0.44953583245345885
M04939_2.00	2.285277292590656
M04940_2.00	2.518296728977069
M04941_2.00	0.4681987246209194
M04942_2.00	4.069188247669384
M04943_2.00	0.5081304303434255
M04944_2.00	0.4056487328111813
M04945_2.00	0.48979613761745955
M04946_2.00	1.6985360144263808
M04947_2.00	1.3481579319558485
M04948_2.00	1.250464700873
M04949_2.00	0.47288804274987567
M04950_2.00	0.5570458657275457
M04951_2.00	0.578595577311517
M04952_2.00	0.574152196690793
M04953_2.00	0.5158387552408031
M04954_2.00	5.866718131380489
M04955_2.00	0.532967347951784
M04956_2.00	0.5345821317738837
M04957_2.00	1.530688072958147
M04958_2.00	1.3036298650401332
M04959_2.00	0.6251491136177071
M04960_2.00	0.5510264791044595
M04961_2.00	1.1818223049114127
M04962_2.00	0.3809423168971646
M04963_2.00	0.4380210157222671
M04964_2.00	0.9357196990868587
M04965_2.00	0.5741776792547146
M04966_2.00	0.5966559331762196
M04967_2.00	1.0042169665858145
M04968_2.00	0.6368915685585232
M04969_2.00	0.4250256872806044
M04970_2.00	0.7663520295866286
M04971_2.00	0.4486901687831004
M04972_2.00	0.4251945312297774
M04973_2.00	0.5859766994180353
M04974_2.00	0.19314483142536715
M04975_2.00	0.22716869423670488
M04976_2.00	0.9754224697597028
M04977_2.00	1.9993243564810166
M04978_2.00	2.652774885069051
M04979_2.00	1.176530495128125
M04980_2.00	2.551413815954308
M04981_2.00	1.0902925431533403
M04982_2.00	2.4121082864459673
M04983_2.00	1.2211495374412906
M04984_2.00	2.623880248061403
M04985_2.00	0.8063149957463159
M04986_2.00	0.7544013717427424
M04987_2.00	0.7905714479798779
M04988_2.00	1.0299883844657227
M04989_2.00	0.5184990352865702
M04990_2.00	0.7897313331557128
M04991_2.00	0.42068387160771237
M04992_2.00	1.6113407542483014
M04993_2.00	5.6189931534789945
M04994_2.00	1.4211929675678248
M04995_2.00	2.825871488565552
M04996_2.00	5.797544168132545
M04997_2.00	0.22153389506823196
M04998_2.00	0.14692551640644885
M04999_2.00	0.31650496609490475
M05000_2.00	1.1205692071279278
M05001_2.00	0.21460190338567411
M05002_2.00	0.6756658839521384
M05003_2.00	5.563452023380247
M05004_2.00	0.7629508195684006
M05005_2.00	0.9190602674737769
M05006_2.00	1.0603356806923179
M05007_2.00	0.839129580653734
M05008_2.00	0.7724369421002004
M05009_2.00	0.7314103959966503
M05010_2.00	2.3076882771129945
M05011_2.00	2.037057165843499
M05012_2.00	0.8855487154664576
M05013_2.00	0.5581302582637704
M05014_2.00	4.8393211614525
M05015_2.00	1.261739111303751
M05016_2.00	1.1359179806288573
M05017_2.00	1.256289297122117
M05018_2.00	0.9885344246465907
M05019_2.00	2.295207868501027
M05020_2.00	0.6945141379662831
M05021_2.00	0.6050541868467723
M05022_2.00	0.4396971253112927
M05023_2.00	0.3966424714553085
M05024_2.00	0.3829982364790049
M05025_2.00	0.4158193588859792
M05026_2.00	0.21000575845265837
M05027_2.00	0.21990914487497626
M05028_2.00	0.22231856773536918
M05029_2.00	0.2166973595603078
M05030_2.00	0.5280457764423929
M05031_2.00	0.535948689093104
M05032_2.00	0.9212429300040722
M05033_2.00	1.0843809777818376
M05034_2.00	0.7561864715237666
M05035_2.00	0.7791353843631562
M05036_2.00	0.7497877950696286
M05037_2.00	0.6287502930116314
M05038_2.00	3.400363670578349
M05039_2.00	1.4506278597055244
M05040_2.00	1.224044062499416
M05041_2.00	1.2671582081842352
M05042_2.00	0.7054444396178146
M05043_2.00	0.8974639347099662
M05044_2.00	3.85300855378642
M05045_2.00	0.9399759215389815
M05046_2.00	0.8957733386607409
M05047_2.00	4.633236649043155
M05048_2.00	0.9867803467591238
M05049_2.00	0.6577124782879757
M05050_2.00	1.5507088635173312
M05051_2.00	0.39261003780537146
M05052_2.00	0.39093670855997414
M05053_2.00	0.674666740925969
M05054_2.00	0.6683352088839017
M05055_2.00	0.5510020408411525
M05056_2.00	0.8005073208669976
M05057_2.00	0.7618815885711876
M05058_2.00	0.9062259481602246
M05059_2.00	1.454714630840384
M05060_2.00	0.7045243389044807
M05061_2.00	0.6937816335489277
M05062_2.00	3.3930561147980205
M05063_2.00	0.7027106178263438
M05064_2.00	0.45401319638172694
M05065_2.00	2.0534539248084522
M05066_2.00	0.357490267931292
M05067_2.00	0.24903667341240332
M05068_2.00	1.6259825737257665
M05069_2.00	0.515001236572722
M05070_2.00	0.3959787238945174
M05071_2.00	0.9852290396012038
M05072_2.00	1.398740384295845
M05073_2.00	1.224938327617456
M05074_2.00	1.5570986369011268
M05075_2.00	0.703721247416238
M05076_2.00	0.34457019194454347
M05077_2.00	0.890527393121562
M05078_2.00	0.4329913335679541
M05079_2.00	0.7147653771141117
M05080_2.00	0.4035773710148091
M05081_2.00	0.660792791930763
M05082_2.00	0.4094216799004313
M05083_2.00	0.5120789698325744
M05084_2.00	1.1846651252682596
M05085_2.00	0.528877946443671
M05086_2.00	1.0554084922519382
M05087_2.00	0.23633015013738412
M05088_2.00	0.5479254083549421
M05089_2.00	0.22820421844816183
M05090_2.00	0.36993558165985724
M05091_2.00	0.5480308011007398
M05092_2.00	0.34916926044835184
M05093_2.00	0.45113513954226436
M05094_2.00	1.0165582554830144
M05095_2.00	0.7981716038975424
M05096_2.00	0.7915626024095967
M05097_2.00	0.852705250823725
M05098_2.00	1.0026500064964037
M05099_2.00	0.8581131267288475
M05100_2.00	1.5837533282129286
M05101_2.00	0.5263867521711915
M05102_2.00	0.967980955713077
M05103_2.00	0.5630935533519116
M05104_2.00	2.825555710769649
M05105_2.00	1.760821351461438
M05106_2.00	1.443710552487084
M05107_2.00	1.6000409497883947
M05108_2.00	1.7725034770355133
M05109_2.00	2.7657728644894783
M05110_2.00	1.7239020148620734
M05111_2.00	2.4323944286692982
M05112_2.00	0.6925884440664363
M05113_2.00	0.9480708135253879
M05114_2.00	0.7637638436459814
M05115_2.00	1.2878470000888629
M05116_2.00	1.023349503049356
M05117_2.00	0.6559017042779838
M05118_2.00	1.3512231337465068
M05119_2.00	0.8704233424903389
M05120_2.00	2.1373186043504795
M05121_2.00	2.5733241578923476
M05122_2.00	2.4257479725997815
M05123_2.00	2.4008409533299018
M05124_2.00	0.8950404255831279
M05125_2.00	2.4761061519993723
M05126_2.00	0.4786190433479879
M05127_2.00	1.3003598968632861
M05128_2.00	0.40817807149466756
M05129_2.00	0.3795823191028743
M05130_2.00	1.611954461171335
M05131_2.00	0.5413406314553547
M05132_2.00	0.19534782924700478
M05133_2.00	0.19711425543737937
M05134_2.00	0.14595389942494352
M05135_2.00	0.339447894717686
M05136_2.00	0.21196207477171025
M05137_2.00	0.09996553449896901
M05138_2.00	1.2078246368543477
M05139_2.00	0.7928684888030338
M05140_2.00	0.9418729411789191
M05141_2.00	0.8602845752206054
M05142_2.00	0.6005137025461641
M05143_2.00	1.6904828054033914
M05144_2.00	0.5233246710418396
M05145_2.00	0.18321068618493452
M05146_2.00	0.16369716968285233
M05147_2.00	0.16217224230363764
M05148_2.00	0.14882413010348453
M05149_2.00	1.2319981651304146
M05150_2.00	7.609480314887979
M05151_2.00	1.3182266461912524
M05152_2.00	1.9456548760778785
M05153_2.00	0.6545183033579417
M05154_2.00	0.4901964179171038
M05155_2.00	1.4676405002398596
M05156_2.00	1.1541163941878743
M05157_2.00	2.7591830401451647
M05158_2.00	1.2852211457465006
M05159_2.00	0.4070669395965141
M05160_2.00	0.4460710434321685
M05161_2.00	1.3627333300127096
M05162_2.00	1.3452278911257496
M05163_2.00	0.5722867021991696
M05164_2.00	0.9459151219331114
M05165_2.00	0.4101139306601519
M05166_2.00	0.46729716530135357
M05167_2.00	0.6190242121502509
M05168_2.00	0.3908519802230449
M05169_2.00	0.5774290344111228
M05170_2.00	0.9688613782540617
M05171_2.00	0.5079780405521422
M05172_2.00	2.718549280657383
M05173_2.00	0.6428070113427762
M05174_2.00	0.342546931309968
M05175_2.00	2.552310276292372
M05176_2.00	0.6183400212925956
M05177_2.00	0.6561340636962883
M05178_2.00	0.6423139479127771
M05179_2.00	0.6276261043995057
M05180_2.00	1.484525641112529
M05181_2.00	1.8083402558265864
M05182_2.00	0.17033721750503628
M05183_2.00	0.22472593111104294
M05184_2.00	1.3708723766038773
M05185_2.00	1.1492189196964677
M05186_2.00	1.1953493963357418
M05187_2.00	1.0870993794698005
M05188_2.00	5.927833091209338
M05189_2.00	0.42860168814032396
M05190_2.00	0.40420905085190145
M05191_2.00	0.11232134284395809
M05192_2.00	0.13324248368827923
M05193_2.00	0.10528827599465028
M05194_2.00	0.2812758846060339
M05195_2.00	0.9266334542078212
M05196_2.00	0.26224051089455624
M05197_2.00	2.9759688617691062
M05198_2.00	0.7283337301409157
M05199_2.00	0.4011640425323935
M05200_2.00	3.2171637504725585
M05201_2.00	1.5775158112417627
M05202_2.00	1.531894739049298
M05203_2.00	1.959391324084866
M05204_2.00	0.6340601804018662
M05205_2.00	0.551748742216227
M05206_2.00	0.3175058221800785
M05207_2.00	0.4218027771968862
M05208_2.00	1.034349748234354
M05209_2.00	0.6015159984639553
M05210_2.00	1.2570621415699317
M05211_2.00	4.729989616304339
M05212_2.00	1.1425589353918617
M05213_2.00	2.7661383668158734
M05214_2.00	4.649608393168252
M05215_2.00	0.7029589656773116
M05216_2.00	1.5675717412442842
M05217_2.00	0.5531437447028958
M05218_2.00	0.45964786180073613
M05219_2.00	1.9915104911183499
M05220_2.00	1.2158173252147582
M05221_2.00	1.6832121885285465
M05222_2.00	0.6005628641225136
M05223_2.00	2.3820203415124865
M05224_2.00	1.4145534565619713
M05225_2.00	0.32762478202432427
M05226_2.00	2.2465576096768114
M05227_2.00	0.9161983291314901
M05228_2.00	0.7258053966272057
M05229_2.00	0.3054993192690862
M05230_2.00	0.32150953320117004
M05231_2.00	0.3190052669780843
M05232_2.00	0.4732551387719208
M05233_2.00	3.167959570003239
M05234_2.00	2.6078908104983793
M05235_2.00	2.4458345414898153
M05236_2.00	1.6332711674721763
M05237_2.00	0.5130241192313055
M05238_2.00	3.2007332927259515
M05239_2.00	0.528090033275762
M05240_2.00	0.37622666024084955
M05241_2.00	2.596103361636927
M05242_2.00	0.24508309852882587
M05243_2.00	0.2270512455879049
M05244_2.00	0.5207373776999824
M05245_2.00	0.47086595938692166
M05246_2.00	0.14224866778689485
M05247_2.00	0.1763330397483093
M05248_2.00	0.908693524680999
M05249_2.00	0.5469017872471889
M05250_2.00	2.1389350814252035
M05251_2.00	0.3299982394586908
M05252_2.00	0.4250603285268784
M05253_2.00	0.8222697509767112
M05254_2.00	0.2870838013100616
M05255_2.00	0.9245258565446921
M05256_2.00	0.7709378759860928
M05257_2.00	3.9256995584332355
M05258_2.00	2.52850317607723
M05259_2.00	0.3872555547193869
M05260_2.00	2.585410535642474
M05261_2.00	0.41877384780197663
M05262_2.00	0.427473986085822
M05263_2.00	0.4857420564223526
M05264_2.00	1.6766002795568453
M05265_2.00	0.29725008923109664
M05266_2.00	1.5594935695496828
M05267_2.00	0.28413118177776264
M05268_2.00	0.3731705614084233
M05269_2.00	0.2934707470200656
M05270_2.00	1.3990978205187519
M05271_2.00	2.999194535503252
M05272_2.00	0.6045128306004692
M05273_2.00	1.0129955308795202
M05274_2.00	0.4269094388972629
M05275_2.00	0.9048703868767922
M05276_2.00	0.4091405861336759
M05277_2.00	0.2753266280722262
M05278_2.00	2.3741769020529544
M05279_2.00	0.9561905643166552
M05280_2.00	1.024090534384569
M05281_2.00	0.6274418353180982
M05282_2.00	0.21452842955195667
M05283_2.00	0.224748230948292
M05284_2.00	0.477808165739914
M05285_2.00	0.7528981056159949
M05286_2.00	0.5959539260151387
M05287_2.00	3.4655398022459725
M05288_2.00	0.5352508872558476
M05289_2.00	1.0388776746145882
M05290_2.00	0.6861520947328005
M05291_2.00	1.5119975418090716
M05292_2.00	0.3026932855664758
M05293_2.00	0.2837460970619758
M05294_2.00	0.725879360094977
M05295_2.00	0.741268767932533
M05296_2.00	0.673211283606747
M05297_2.00	1.008203007220772
M05298_2.00	0.825421578964216
M05299_2.00	0.9491677673686134
M05300_2.00	2.8737792074966553
M05301_2.00	2.8110081176536514
M05302_2.00	1.9992199033830664
M05303_2.00	2.5053654817950486
M05304_2.00	0.4126939073701037
M05305_2.00	0.37821082664254413
M05306_2.00	1.5497566992617167
M05307_2.00	0.4601465129431072
M05308_2.00	0.3679890491474408
M05309_2.00	1.6846713954310115
M05310_2.00	0.45928091040455554
M05311_2.00	0.2872292996514235
M05312_2.00	1.2335235875549362
M05313_2.00	0.14629651789932832
M05314_2.00	0.16719668987095976
M05315_2.00	1.3027291876746403
M05316_2.00	1.49625964696429
M05317_2.00	1.391160516650835
M05318_2.00	1.6611376943426364
M05319_2.00	2.4461927695388415
M05320_2.00	1.1202594619930166
M05321_2.00	1.433356344071741
M05322_2.00	2.754451228424787
M05323_2.00	1.5175368549551362
M05324_2.00	3.2434578226881627
M05325_2.00	2.366389894331296
M05326_2.00	0.42058760784543653
M05327_2.00	1.5263500729094144
M05328_2.00	1.4839259529727618
M05329_2.00	1.5518578919230186
M05330_2.00	0.9226014241883211
M05331_2.00	1.3430727107616007
M05332_2.00	1.17475148002073
M05333_2.00	1.2475749380924264
M05334_2.00	5.098256400672528
M05335_2.00	0.4518074757262447
M05336_2.00	0.8968520427056309
M05337_2.00	0.6550579396401272
M05338_2.00	1.2034085341009058
M05339_2.00	0.6936859805584411
M05340_2.00	1.0334745662246594
M05341_2.00	1.031818761188733
M05342_2.00	1.3272185341764835
M05343_2.00	0.7145216799517959
M05344_2.00	2.657449457990242
M05345_2.00	0.47348009929006507
M05346_2.00	0.9512172626406159
M05347_2.00	1.5042589034761589
M05348_2.00	4.513271881410562
M05349_2.00	4.7937425483613785
M05350_2.00	1.1085402480089066
M05351_2.00	1.1327173873522292
M05352_2.00	4.098962469847576
M05353_2.00	2.8675063722126897
M05354_2.00	3.303317154252832
M05355_2.00	2.982839608512112
M05356_2.00	3.0259398881241713
M05357_2.00	3.52022351893358
M05358_2.00	5.142728402980737
M05359_2.00	0.8025861971764976
M05360_2.00	1.262975526460652
M05361_2.00	2.0190084370341967
M05362_2.00	0.5231066222062173
M05363_2.00	3.3418594408275903
M05364_2.00	0.7281584716410938
M05365_2.00	2.8064904689280525
M05366_2.00	0.1529163961601724
M05367_2.00	0.21752218794608397
M05368_2.00	1.5112928097088214
M05369_2.00	0.5345260886451739
M05370_2.00	1.3234872717005286
M05371_2.00	0.5290294822288303
M05372_2.00	1.4074919901249616
M05373_2.00	0.5753400324724431
M05374_2.00	0.17363664509272253
M05375_2.00	0.38969731882095804
M05376_2.00	0.5745397790608698
M05377_2.00	1.8177532571971973
M05378_2.00	0.5621204063522534
M05379_2.00	1.19671648761522
M05380_2.00	0.4768450204564068
M05381_2.00	1.4574760387184988
M05382_2.00	1.0010250214300171
M05383_2.00	0.32775767124363825
M05384_2.00	0.3958684275766645
M05385_2.00	0.2876150745010675
M05386_2.00	0.2541720267357506
M05387_2.00	0.6978953310007077
M05388_2.00	0.7711215244059839
M05389_2.00	1.149502917434373
M05390_2.00	0.2177446963118599
M05391_2.00	0.24374935335003944
M05392_2.00	0.24704871279625867
M05393_2.00	0.2836045666507394
M05869_2.00	0.9792872632350808
M05870_2.00	1.2572627719863858
M05871_2.00	0.5166707916387692
M05872_2.00	0.3302893299731786
M05873_2.00	1.146640645100034
M06210_2.00	0.7852455755309805
M06211_2.00	1.0379029569378528
M06212_2.00	0.7993649371751617
M06213_2.00	0.38990971982144806
M06214_2.00	0.40601233889926835
M06215_2.00	0.923065619671248
M06216_2.00	0.1141412163221023
M06217_2.00	0.9244950437762742
M06218_2.00	0.3124595764939404
M06219_2.00	0.4600232641412849
M06220_2.00	0.29914575855766756
M06221_2.00	0.46481217712051226
M06222_2.00	0.15304416175292074
M06223_2.00	3.234051979513964
M06224_2.00	3.1684021840692154
M06225_2.00	0.2966619501345537
M06226_2.00	0.7345674614149762
M06227_2.00	1.6282043745201986
M06228_2.00	1.202705465751893
M06229_2.00	0.6285087281936923
M06230_2.00	0.23806771698231263
M06231_2.00	0.6086843139380189
M06232_2.00	0.2395336502110396
M06233_2.00	0.6398126914848106
M06234_2.00	2.517735112125754
M06235_2.00	0.28278229879431105
M06236_2.00	0.5037840120693339
M06237_2.00	0.40185892137458046
M06238_2.00	0.32200658381598435
M06239_2.00	0.2600670685132289
M06240_2.00	0.3589796143231954
M06241_2.00	1.9951709720231063
M06242_2.00	1.3290811965200526
M06243_2.00	0.799443021275929
M06244_2.00	4.753696279650544
M06245_2.00	0.5302704702736294
M06246_2.00	0.3793644260305068
M06247_2.00	0.9236641966383725
M06248_2.00	4.534489135401788
M06249_2.00	0.47365537616541864
M06250_2.00	1.1361429659810216
M06251_2.00	2.028964881362847
M06252_2.00	0.26451484899418554
M06253_2.00	0.21570856928119858
M06254_2.00	0.327268568653756
M06255_2.00	0.39909443907423703
M06256_2.00	0.233172647124136
M06257_2.00	0.32127201054103305
M06258_2.00	0.3746985608691883
M06259_2.00	0.21161128147332342
M06260_2.00	1.4197581928662963
M06261_2.00	0.6712884650633119
M06262_2.00	0.39612239464572735
M06263_2.00	0.0975656065108237
M06264_2.00	0.1335871036573871
M06265_2.00	0.0987019347914837
M06266_2.00	0.5632108060638772
M06267_2.00	0.1393892847530221
M06268_2.00	0.744094610502386
M06269_2.00	0.5025304334543996
M06270_2.00	0.6786524988833355
M06271_2.00	0.17944834756775235
M06272_2.00	0.22374275272983116
M06273_2.00	0.821254857297507
M06274_2.00	0.5504432891311629
M06275_2.00	0.4640837339130588
M06276_2.00	0.6057612915674399
M06277_2.00	2.7962345463073355
M06278_2.00	0.24829216996937856
M06279_2.00	0.29766876528301023
M06280_2.00	0.1686799754491798
M06281_2.00	1.343662822302795
M06282_2.00	0.5715427518564338
M06283_2.00	0.30102425566947555
M06284_2.00	0.43845156864336277
M06285_2.00	0.9108935062187584
M06286_2.00	0.3663704288666505
M06287_2.00	0.7001589293714416
M06288_2.00	0.2751531290822292
M06289_2.00	0.25319589051159974
M06290_2.00	0.12535046563679686
M06291_2.00	0.9639056481678727
M06292_2.00	0.21158303275998736
M06293_2.00	0.23457691262811398
M06294_2.00	0.3313267206770551
M06295_2.00	0.38390681547902294
M06296_2.00	0.16303640208206652
M06297_2.00	0.5726153121101374
M06298_2.00	0.3382436834219836
M06299_2.00	0.4932499465221647
M06300_2.00	0.35631436042547937
M06301_2.00	1.2586607860726666
M06302_2.00	0.8074556508002328
M06303_2.00	0.26586270633906495
M06304_2.00	0.16117441035269653
M06305_2.00	0.2407634913245538
M06306_2.00	0.10477071788983681
M06307_2.00	0.32023162352863055
M06308_2.00	0.08245868974445386
M06309_2.00	0.3695589167032697
M06310_2.00	0.6022559176861574
M06311_2.00	0.34254517118123784
M06312_2.00	0.8914266670312828
M06313_2.00	0.3475918993271244
M06314_2.00	0.10195380082009353
M06315_2.00	0.43764201420734883
M06316_2.00	0.13849616493176495
M06317_2.00	0.413729589314015
M06318_2.00	0.16887059117363562
M06319_2.00	0.5373002860302774
M06320_2.00	0.3418470413586946
M06321_2.00	0.2982887396671916
M06322_2.00	0.5902323489645057
M06323_2.00	0.2932239724663943
M06324_2.00	0.2231479102591214
M06325_2.00	0.43346382809650896
M06326_2.00	0.34979061967028735
M06327_2.00	1.200716405560689
M06328_2.00	0.8830322606899026
M06329_2.00	0.4494089481941653
M06330_2.00	0.34063645314404706
M06331_2.00	0.18215840188681276
M06332_2.00	1.3067090545232127
M06333_2.00	0.49769447507774045
M06334_2.00	0.7771071322053402
M06335_2.00	0.27524545106544684
M06336_2.00	0.46672014799051736
M06337_2.00	1.2589314825995186
M06338_2.00	0.5169282749604649
M06339_2.00	0.8280106569448804
M06340_2.00	0.16815596072655958
M06341_2.00	0.7439765192621636
M06342_2.00	0.32747597845864795
M06343_2.00	0.2538927478755501
M06344_2.00	0.32622821091697446
M06345_2.00	0.5326240141634473
M06346_2.00	0.25250658360065764
M06347_2.00	0.19632209779845766
M06348_2.00	0.16451733273598942
M06349_2.00	0.161422355311948
M06350_2.00	0.5413096695186628
M06351_2.00	0.39485929117844265
M06352_2.00	0.17433159427989844
M06353_2.00	0.11872389917314609
M06354_2.00	0.5976343806014224
M06355_2.00	0.47875058280344185
M06356_2.00	1.263207816247839
M06357_2.00	1.056361117373689
M06358_2.00	0.1970856328054037
M06359_2.00	0.17558104091416096
M06360_2.00	0.4202826860614053
M06361_2.00	1.0696478454671805
M06362_2.00	1.134693701590097
M06363_2.00	2.604540062420036
M06364_2.00	0.5840172240562511
M06365_2.00	0.3310663699509213
M06366_2.00	0.517572574443179
M06367_2.00	0.2030728066971909
M06368_2.00	1.1085272566465667
M06369_2.00	0.23174830731100393
M06370_2.00	0.33824726344112555
M06371_2.00	0.18398124490953327
M06374_2.00	1.0640775290546265
M06375_2.00	2.123444904719956
M06376_2.00	0.21310514505911207
M06377_2.00	0.5733397077020705
M06378_2.00	1.5286722970730704
M06379_2.00	0.2351124723930747
M06475_2.00	0.5599341353531915
M06476_2.00	0.7490986436791532
M06477_2.00	0.7993649371751617
M06478_2.00	0.32292915180238724
M06479_2.00	0.9230974395225773
M06480_2.00	0.3712891767602708
M06481_2.00	0.6692586504393621
M06482_2.00	0.336401673895053
M06483_2.00	0.4121353409495828
M06484_2.00	0.45939627660765403
M06485_2.00	0.37186857214201613
M06486_2.00	0.2849235616672561
M06487_2.00	0.7994431146153756
M06488_2.00	0.8452600831893874
M06489_2.00	1.966297341581376
M06490_2.00	0.5112724385710828
M06491_2.00	0.39909443907423703
M06492_2.00	0.30449529453522506
M06493_2.00	1.4197581928662963
M06494_2.00	0.2403827083508254
M06495_2.00	0.09052855135613919
M06496_2.00	0.34778566363266417
M06497_2.00	0.5286943408991496
M06498_2.00	0.3666715444002663
M06499_2.00	0.821254857297507
M06500_2.00	0.4191614112060531
M06501_2.00	0.16265913943368523
M06502_2.00	0.4654699395408699
M06503_2.00	0.8286872730523194
M06504_2.00	0.6136048178746377
M06505_2.00	0.19414895247388342
M06506_2.00	0.3799044873797391
M06507_2.00	0.23645158867756505
M06508_2.00	0.3307816639216834
M06509_2.00	0.4615475712484744
M06510_2.00	0.5131036367399963
M06511_2.00	1.1561433020997247
M06512_2.00	0.5000743422987248
M06513_2.00	0.26586270633906495
M06514_2.00	0.1775828691876985
M06515_2.00	0.2830758665696569
M06516_2.00	0.21614038128976132
M06517_2.00	0.2368920294218221
M06518_2.00	0.16226210321657175
M06519_2.00	0.15007036739668628
M06520_2.00	0.35880713298391703
M06521_2.00	0.5373002860302774
M06522_2.00	0.18534689084038714
M06523_2.00	0.9089962672026504
M06524_2.00	0.24727923191115803
M06525_2.00	0.43224747230076865
M06526_2.00	0.8894922333893718
M06527_2.00	0.23573003758444921
M06528_2.00	0.3406364531440719
M06529_2.00	1.3067090545232836
M06530_2.00	0.54943720601015
M06531_2.00	1.2589314825997975
M06532_2.00	0.7337093140086381
M06533_2.00	0.6789765954736665
M06534_2.00	0.26676220972296816
M06535_2.00	0.3582297944777549
M06536_2.00	0.1878643013513947
M06537_2.00	0.39426653649305077
M06538_2.00	0.15494745688713374
M06539_2.00	0.5976343806014224
M06540_2.00	1.1603709849432389
M06541_2.00	0.19708578017879028
M06542_2.00	0.30043089623203056
M06543_2.00	1.0562677814201968
M06544_2.00	0.4513666563993196
M06545_2.00	0.43888794830259953
M06546_2.00	0.6571252738416263
M06547_2.00	0.3382472634411857
M06549_2.00	0.9180471294283474
M06550_2.00	0.44970109413502307
M06551_2.00	0.5733398786305661
M07484_2.00	0.17284100871403243
M07485_2.00	1.2737126572701962
M07486_2.00	0.7494368018915625
M07487_2.00	1.4640369058224514
M07488_2.00	0.2778417092317713
M07971_2.00	5.298256488835548
M08130_2.00	2.625111101749229
M08131_2.00	1.7759162691161718
M08132_2.00	1.1322846322994902
M08133_2.00	2.648713491059356
M08134_2.00	1.5323081114999155
M08136_2.00	2.3825319760804122
M08137_2.00	7.296259967061447
M08138_2.00	2.7761866133773414
M08139_2.00	1.4196423082713445
M08208_2.00	1.4319798047154357
M08209_2.00	0.7182334400110648
M08420_2.00	1.6186471000078368
M08421_2.00	0.7998530027981252
M08422_2.00	2.208060736056546
M08423_2.00	0.9861951778632023
M08457_2.00	1.7234546067781882
M08570_2.00	3.141393979710741
M08571_2.00	0.17192046729813104
M08572_2.00	1.264562854194014
M08573_2.00	0.46774678894604316
M08574_2.00	0.7504432661217956
M08575_2.00	1.452902623349691
M08576_2.00	0.27132101139851295
M09128_2.00	2.391774104367732
M09129_2.00	0.9216969907053154
M09130_2.00	2.2022500222668593
M09131_2.00	2.140069139638829
M09132_2.00	0.9562705073904947
M09133_2.00	3.3007970276756495
M09134_2.00	1.247724366064833
M09135_2.00	0.572944099543264
M09136_2.00	0.5977604133585895
M09137_2.00	1.5042311143333373
M09138_2.00	1.0045130568140372
M09139_2.00	3.142784790473933
M09140_2.00	1.1079308443667433
M09141_2.00	2.528998623127223
M09142_2.00	2.4970510952463645
M09143_2.00	1.000592562553639
M09144_2.00	2.6365262113328045
M09145_2.00	1.318286453862628
M09146_2.00	0.8628056775470225
M09147_2.00	1.8941359434892766
M09148_2.00	2.37071715806707
M09149_2.00	5.198046559064805
M09150_2.00	5.273642151745622
M09151_2.00	4.621410973064031
M09152_2.00	4.976731146612708
M09153_2.00	0.5777656780383795
M09154_2.00	0.7683266627618175
M09155_2.00	0.5620817152920461
M09156_2.00	0.3347932885328746
M09157_2.00	2.0614749865131223
M09158_2.00	2.5614366947426834
M09159_2.00	0.7632467533141183
M09160_2.00	0.6336403001747171
M09161_2.00	0.9782572130741509
M09162_2.00	0.805629014211833
M09163_2.00	1.0266117833547446
M09164_2.00	1.0522419042192301
M09165_2.00	1.4733244126438712
M09169_2.00	0.5235903181757235
M09170_2.00	1.9138189330937199
M09171_2.00	0.993596154174857
M09172_2.00	0.9216969907053154
M09173_2.00	4.85801060252442
M09174_2.00	5.2283696621094915
M09175_2.00	5.273642151745622
M09176_2.00	3.1618928922622667
M09177_2.00	1.0758853403319821
M09178_2.00	2.37071715806707
M09179_2.00	9.15061305343416
M09180_2.00	2.330129859177572
M09181_2.00	1.6391416849214062
M09182_2.00	0.7128930654070155
M09183_2.00	0.6620095555211859
M09184_2.00	0.7683266627618175
M09185_2.00	2.1718393100808657
M09186_2.00	1.1079308443667433
M09187_2.00	2.017333072681869
M09188_2.00	1.0738728185277233
M09189_2.00	1.000592562553639
M09190_2.00	0.9441832298352558
M09192_2.00	0.9849121386661617
M09193_2.00	0.7017788279070838
M09194_2.00	0.44109261413568424
M09195_2.00	1.5099781357133628
M09196_2.00	3.3007970276756495
M09197_2.00	7.566623972282545
M09198_2.00	2.047147829057029
M09199_2.00	1.4733240276929689
M09200_2.00	2.6279260348403453
M09201_2.00	0.6336403001747171
M09202_2.00	1.247724366064833
M09203_2.00	2.1400691631099518
M09204_2.00	0.8056288842419174
M09205_2.00	1.35398541053755
M09206_2.00	2.1206877776365918
M09207_2.00	0.3347932885328746
M09208_2.00	0.9562705073904947
M09209_2.00	2.391774104367732
M09210_2.00	1.2013563714746813
M09211_2.00	0.614075565982631
M09212_2.00	1.0045130568140372
M09213_2.00	1.0432200424962463
M09214_2.00	2.528998623127223
M09215_2.00	1.3045520191823416
M09559_2.00	1.028556234839924
M09560_2.00	1.007774154586857
M09561_2.00	2.969864083889361
M09562_2.00	0.5042892500935467
M09563_2.00	0.45934180118123946
M09564_2.00	1.8016187978630072
M09565_2.00	2.146329955131144
M09566_2.00	4.060834942248942
M09567_2.00	0.7713267568533732
M09568_2.00	1.6555205930198502
M09569_2.00	0.3819277646927225
M09570_2.00	0.6430442475375044
M09571_2.00	2.733663252731868
M09572_2.00	0.6492990103428311
M09573_2.00	1.2204329858902707
M09574_2.00	7.486714231179631
M09575_2.00	2.4988359103696025
M09576_2.00	2.718565266146339
M09577_2.00	0.4373375575956129
M09578_2.00	1.0003581988131447
M09579_2.00	2.6955887115702044
M09580_2.00	1.3196617751899986
M09583_2.00	5.157946230141459
M09671_2.00	0.3120504172708148
M09672_2.00	0.9284118718243013
M09673_2.00	0.18258985068143782
M09674_2.00	0.7837653469850014
M09675_2.00	1.5707384523804109
M09676_2.00	2.07880182687801
M09677_2.00	0.272906994821714
M09678_2.00	0.5090380044372249
M09679_2.00	0.5336288295108215
M09680_2.00	0.32375097529659047
M09681_2.00	0.4292521709831382
M09682_2.00	1.077649903686626
M09683_2.00	0.4582210471754353
M10651_2.00	3.025358129931786
M10652_2.00	5.434629418314174
M10672_2.00	3.51330848006765
M10676_2.00	1.2992965933260427
M10681_2.00	2.064864896779733
M10690_2.00	2.863500341214889
M10693_2.00	3.067243347223111
M10709_2.00	1.4023853672326578
M10714_2.00	1.5808422620427256
M10715_2.00	3.1079429318808094
M10718_2.00	2.9368246502645743
M10730_2.00	2.1503398153679196
M10740_2.00	1.2913586902394119
M10741_2.00	3.563858999305694
M10742_2.00	1.2643507084002539
M10743_2.00	2.730503246386901
M10746_2.00	6.403412451321592
M10748_2.00	1.4062490806132117
M10749_2.00	1.9960290596513992
M10754_2.00	5.177635343713897
M10761_2.00	0.3030668098424432
M10762_2.00	0.5902085491421252
M10767_2.00	0.9629271726974384
M10779_2.00	1.0910153136200522
M10782_2.00	0.5242113755346679
M10784_2.00	1.1915692123536776
M10787_2.00	3.0344854835058186
M10788_2.00	1.184613039222729
M10791_2.00	8.64788564518662
M10795_2.00	1.9525178637616931
