M00055_2.00	0.26437016112522516
M00056_2.00	1.679830684797369
M00057_2.00	1.585474252831496
M00058_2.00	1.2529511760564431
M00059_2.00	0.34446630771518694
M00169_2.00	0.3495833611349519
M00170_2.00	0.1072684654620644
M00172_2.00	0.0881451177901921
M00260_2.00	1.5458694682126437
M00261_2.00	0.9510454944418536
M00262_2.00	3.3655953469745734
M00263_2.00	1.7783405213380286
M00264_2.00	0.8945797866769284
M00265_2.00	1.3397682660867658
M00266_2.00	0.32154471954450325
M00267_2.00	0.28946306201942984
M00268_2.00	0.2665138346594145
M00269_2.00	0.3202287399986401
M00270_2.00	0.9293615696361053
M00271_2.00	1.084133691208325
M00272_2.00	1.2517134519358886
M00273_2.00	0.5245255534457037
M00274_2.00	0.5989728667224401
M00275_2.00	0.6063195514121802
M00276_2.00	1.3472975185852243
M00277_2.00	0.8016072431409181
M00278_2.00	1.2361838011659918
M00279_2.00	1.5681248890290145
M00280_2.00	3.041412661026035
M00281_2.00	1.4735128197822775
M00282_2.00	1.5808229583735636
M00283_2.00	0.16173077681594664
M00284_2.00	0.14596069957013796
M00285_2.00	4.086766256384865
M00286_2.00	0.6497923519712309
M00287_2.00	1.1085329666895603
M00288_2.00	0.23006076909683168
M00289_2.00	0.25046331056388704
M00290_2.00	0.20246707817286574
M00291_2.00	0.16290214074385717
M00292_2.00	0.13792053059748344
M00293_2.00	0.23085305232176462
M00294_2.00	0.8430685140008674
M00295_2.00	0.22849346789720776
M00296_2.00	1.940848507384013
M00297_2.00	0.9263524746971725
M00298_2.00	0.22533773329060716
M00299_2.00	0.2320600406793781
M00300_2.00	0.5712120019896638
M00301_2.00	0.44636488264693885
M00302_2.00	0.3952735163085501
M00303_2.00	0.8966262539547533
M00304_2.00	6.505980235787378
M00305_2.00	0.9581361480081254
M00306_2.00	0.290130543189321
M00307_2.00	0.19790001661095102
M00308_2.00	4.676323293278642
M00309_2.00	1.377795859649261
M00310_2.00	0.21113126924321537
M00311_2.00	0.4675132026736772
M00312_2.00	3.22579176667627
M00313_2.00	0.4787031334488523
M00314_2.00	0.27372989989590635
M00315_2.00	1.872653968773974
M00316_2.00	1.9399459895517346
M00317_2.00	0.7730561221188975
M00318_2.00	0.8762495222006053
M00319_2.00	0.8701643037695252
M00320_2.00	0.3472990817102103
M00321_2.00	0.19485672079306376
M00322_2.00	2.486097534016382
M00323_2.00	1.2408122044647643
M00324_2.00	2.7315189689361628
M00325_2.00	0.2584068168328739
M00326_2.00	0.25026489717922884
M00327_2.00	0.3094940212433969
M00328_2.00	0.6150427235814536
M00329_2.00	0.1701464604444269
M00330_2.00	0.5942880566080588
M00380_2.00	0.12130235107664095
M00381_2.00	0.9680376996882185
M00382_2.00	0.2853132496754519
M00383_2.00	0.14353655185534475
M00384_2.00	0.22217666181368317
M00385_2.00	0.25384105407544977
M00386_2.00	0.28833597929188637
M00387_2.00	0.17911279344605754
M00388_2.00	0.3271403533290683
M00389_2.00	0.514230046949414
M00390_2.00	0.27950390277860604
M00391_2.00	0.5028426098895131
M00392_2.00	0.9280922353483869
M00393_2.00	0.28626938613246433
M00394_2.00	0.39846977837437797
M00395_2.00	0.19629198323222696
M00396_2.00	0.47483941298610893
M00397_2.00	0.15171673935311725
M00398_2.00	0.09713229361273941
M00399_2.00	1.583681245149887
M00400_2.00	0.6560754422068025
M00401_2.00	0.6783280122357459
M00402_2.00	0.32146948285762456
M00403_2.00	0.3702241444077145
M00404_2.00	0.16955726114594344
M00405_2.00	0.21498929205027695
M00406_2.00	0.3206286063688364
M00407_2.00	0.8966146988476977
M00408_2.00	2.3666651128367158
M00409_2.00	0.08844139917147364
M00410_2.00	1.2582382465367639
M00411_2.00	0.3720851822883835
M00412_2.00	1.6870869016868149
M00413_2.00	0.22109586377781848
M00414_2.00	0.17876759241782308
M00415_2.00	0.23023280088327047
M00416_2.00	0.27910992517604194
M00417_2.00	0.19214115641321788
M00418_2.00	0.5061617921238574
M00419_2.00	0.5336494008108971
M00420_2.00	0.11865177589221504
M00421_2.00	0.7508510544456031
M00422_2.00	0.21638559935150342
M00423_2.00	0.2196397126097461
M00424_2.00	0.17632809315707396
M00425_2.00	0.6791417562049362
M00426_2.00	0.06628734822949742
M00427_2.00	0.6913039048510445
M00428_2.00	0.21072636041946424
M00429_2.00	0.17049474946697252
M00430_2.00	0.4203651405217441
M00431_2.00	0.14066069796523792
M00432_2.00	0.8414269745393206
M00433_2.00	0.15099730323181668
M00434_2.00	0.15607001353666222
M00435_2.00	0.22444234400092097
M00436_2.00	0.40353806388279956
M00437_2.00	0.8192689597002062
M00438_2.00	0.9774846076006449
M00439_2.00	0.1395631770572485
M00440_2.00	0.057281270768078096
M00441_2.00	0.10847346611596537
M00442_2.00	0.10585444670977552
M00443_2.00	0.25939229603914166
M00445_2.00	0.21131174915171713
M00446_2.00	0.5768189728600441
M00447_2.00	0.3914715687842921
M00448_2.00	0.44861551826175206
M00449_2.00	0.46977062183880736
M00450_2.00	0.3508586941513714
M00451_2.00	0.7944858418918767
M00452_2.00	0.11962205053515153
M00453_2.00	0.7218516417772723
M00454_2.00	0.7767630950259536
M00455_2.00	0.28383362922874933
M00456_2.00	0.42744539160188755
M00457_2.00	0.43627381220249656
M00458_2.00	0.8202074796138011
M00459_2.00	0.13357689433913206
M00460_2.00	0.2820301158747417
M00461_2.00	0.7750807941090312
M00462_2.00	0.6391793630137242
M00463_2.00	0.3718339602848595
M00464_2.00	0.09953466903886807
M00465_2.00	0.5221414083594139
M00466_2.00	0.203043413133385
M00467_2.00	0.5607776189085063
M00468_2.00	1.9347853775319428
M00469_2.00	0.132872849192035
M00470_2.00	1.5406029392195015
M00471_2.00	0.8245282936613367
M00472_2.00	0.9318981142502387
M00473_2.00	0.29847706840351307
M00474_2.00	0.835965631811149
M00475_2.00	0.8289906324413461
M00476_2.00	0.8233428720450175
M00477_2.00	1.0956590753305722
M00478_2.00	0.4057144384732354
M00479_2.00	0.20142104697290097
M00480_2.00	0.5952999525508189
M00481_2.00	0.682931445988234
M00482_2.00	0.9355769075930687
M00483_2.00	0.3061547536835948
M00484_2.00	0.42257974837988344
M00485_2.00	0.48079211545846057
M00486_2.00	0.49188792381433805
M00487_2.00	0.3445072321510261
M00488_2.00	0.748185495221972
M00489_2.00	0.4462808246602579
M00490_2.00	0.14102059949225587
M00491_2.00	0.28223887835802364
M00492_2.00	0.437601522670831
M00493_2.00	0.9277335405243281
M00494_2.00	0.21952749863116416
M00495_2.00	0.27094329439969944
M00496_2.00	0.10122352783432975
M00497_2.00	0.19445216130981954
M00498_2.00	0.7971827921976763
M00499_2.00	0.20133670985668994
M00500_2.00	1.1444362032678783
M00501_2.00	0.2375491946248772
M00502_2.00	0.1309304039615764
M00503_2.00	0.09503792661859001
M00504_2.00	0.0910859676774275
M00505_2.00	0.4534301250831061
M00506_2.00	0.19634816573491404
M00507_2.00	0.4409558485058604
M00508_2.00	0.8983115552829424
M00509_2.00	0.5629880620420713
M00510_2.00	0.38702074611336135
M00511_2.00	0.25201754018653927
M00512_2.00	0.8034873135720433
M00513_2.00	2.0841715463931734
M00514_2.00	0.1984497782485689
M00515_2.00	0.1385877244937585
M00516_2.00	0.26533170578405574
M00517_2.00	0.33539406141587425
M00518_2.00	0.22694645058144297
M00519_2.00	0.7110686603582563
M00520_2.00	0.3133088572898823
M00521_2.00	0.8632383955029549
M00522_2.00	0.17398130532452435
M00523_2.00	0.2704385722171452
M00524_2.00	0.2541502757866482
M00525_2.00	0.16925439245075935
M00526_2.00	1.8150077543737653
M00527_2.00	0.7663467063052172
M00528_2.00	0.8647827746618906
M00529_2.00	0.30757970970130954
M00530_2.00	0.2653917722118624
M00531_2.00	0.2732156207877142
M00532_2.00	0.08723478511106221
M00554_2.00	0.3393314551899568
M00555_2.00	0.18397479629581506
M00556_2.00	0.8159616234975929
M00557_2.00	0.16360849241563502
M00558_2.00	0.4762936971973696
M00559_2.00	0.5910967861970815
M00560_2.00	0.2721428133451259
M00561_2.00	0.37607061524981616
M00562_2.00	0.43191877071605733
M00563_2.00	0.6882778030201673
M00800_2.00	0.28202468473886405
M01239_2.00	0.3567835555770332
M01240_2.00	0.6828878310168132
M01241_2.00	0.11699071520806817
M01242_2.00	0.7812860934331305
M01243_2.00	0.2548786092879137
M01244_2.00	0.13607829915178227
M01245_2.00	0.23567971971225532
M01246_2.00	1.3666610971454949
M01249_2.00	0.5864490570521997
M01252_2.00	0.2672167207195355
M01253_2.00	0.7563291254433353
M01254_2.00	0.2644525548512531
M01503_2.00	0.16744143009060997
M01504_2.00	0.10808510325704879
M01505_2.00	0.3275273500975373
M01506_2.00	0.29416883743997174
M01507_2.00	0.3435285052267807
M01508_2.00	0.3480051344046662
M01550_2.00	1.4589022865241452
M01551_2.00	0.7489008111749875
M01552_2.00	0.4888008336982922
M01553_2.00	0.3125208421151068
M02032_2.00	0.588906074809087
M02033_2.00	0.2671858463785323
M02034_2.00	0.2516519355460951
M02035_2.00	0.219607901232952
M02036_2.00	0.22837282004468656
M02056_2.00	0.9775860961794762
M02057_2.00	0.3045594917029877
M02058_2.00	0.3189203055477957
M02059_2.00	0.3654801359928382
M02060_2.00	0.1122738767010826
M02062_2.00	0.13497719913825681
M02063_2.00	1.0285624041881811
M02064_2.00	0.29135601143592704
M02065_2.00	1.466882076735383
M02068_2.00	0.15428396260624735
M02071_2.00	0.29187995070239675
M02072_2.00	0.3263741668221331
M02073_2.00	0.26388354609626424
M02074_2.00	0.3282993306589696
M02075_2.00	0.3554925609210831
M02076_2.00	0.3884628905376065
M02077_2.00	0.1311290899841683
M02078_2.00	0.24698476649053128
M02079_2.00	0.8943498699442003
M02080_2.00	1.7786858337591427
M02081_2.00	0.4392659353818704
M02083_2.00	1.3915629482272867
M02084_2.00	0.21218534385453522
M02085_2.00	0.8051062479297775
M02086_2.00	0.24183328572794388
M02087_2.00	0.7448907103652365
M02088_2.00	0.1960911621555521
M02089_2.00	0.12661282001328078
M02090_2.00	0.7262774630284238
M02091_2.00	1.0237023760880593
M02092_2.00	0.43774700893066065
M02093_2.00	0.4143108651901875
M02094_2.00	1.5654729706306951
M02095_2.00	0.11323576846242468
M02096_2.00	0.47132899646488424
M02097_2.00	1.3215612804908567
M02098_2.00	0.4687061948347134
M02099_2.00	0.10042826267387729
M02100_2.00	0.2605462217305522
M02101_2.00	0.21126266280394412
M02102_2.00	0.17693082302000213
M02103_2.00	5.635826947455055
M02104_2.00	0.20026596206296052
M02105_2.00	0.5300971296814309
M02106_2.00	0.42241641831427434
M02107_2.00	0.25641656782081235
M02108_2.00	0.11188190064921463
M02109_2.00	0.21521200215676328
M02110_2.00	2.283758340946785
M02111_2.00	0.13179392741935309
M02112_2.00	0.694888535760606
M02113_2.00	0.3098772168100832
M02114_2.00	0.22031779540377186
M02115_2.00	0.3683294630278446
M02116_2.00	0.8158025071374155
M02117_2.00	0.7440815884983294
M02118_2.00	0.12681837705732954
M02119_2.00	0.4356899112506709
M02120_2.00	0.3690953776526174
M02121_2.00	0.40534542628112086
M02122_2.00	0.9123592820961394
M02123_2.00	0.2804789980663444
M02124_2.00	3.520624398799151
M02125_2.00	0.49909561490820165
M02127_2.00	0.38564823715387914
M02128_2.00	0.7286422247746231
M02137_2.00	0.26222856325173016
M02138_2.00	0.9909538001635738
M02139_2.00	0.4691746709302567
M02159_2.00	0.40300672353941525
M02160_2.00	0.6759933523185764
M02162_2.00	0.2943405493073059
M02163_2.00	0.7919488864258355
M02164_2.00	1.7996551828416523
M02165_2.00	0.34502232165558816
M02166_2.00	0.9645227972268413
M02167_2.00	0.2352250358261329
M02168_2.00	0.4047606950253564
M02169_2.00	0.12761504794793296
M02170_2.00	0.3330203122239784
M02173_2.00	0.9460182266822534
M02174_2.00	0.1656861468704998
M02177_2.00	0.37874138817854763
M02178_2.00	0.18320537493655994
M02189_2.00	1.7321649541201996
M02190_2.00	0.45230458059677947
M02191_2.00	0.4386458538923162
M02192_2.00	0.955611271066262
M02193_2.00	0.3802342335477581
M02194_2.00	0.3796972627072316
M02220_2.00	0.5004680205912516
M02222_2.00	0.9415779897529574
M02223_2.00	0.40448529233769054
M02224_2.00	0.36387816821516206
M02225_2.00	0.7797821674241514
M02226_2.00	3.0992735837931824
M02227_2.00	1.0822916926910255
M02228_2.00	0.2212022842253944
M02229_2.00	0.8381854929481549
M02230_2.00	0.19846593908239762
M02231_2.00	0.31285083604487557
M02685_2.00	1.8970797126897754
M02686_2.00	3.3406536785944727
M02687_2.00	3.113180363895883
M02688_2.00	0.39643927522557865
M02740_2.00	1.228004809177678
M02741_2.00	4.6363463173780595
M03076_2.00	0.9926442226758287
M03077_2.00	0.8539947558015857
M03078_2.00	4.330498658964305
M03079_2.00	1.1394873913368262
M03080_2.00	0.3727492979372484
M03081_2.00	0.1042039530982934
M03082_2.00	0.0654968862366599
M03083_2.00	0.0958350411361544
M03084_2.00	0.06042715478685535
M03085_2.00	3.357332213195483
M03086_2.00	1.9929484383137668
M03087_2.00	1.1610672558832502
M03088_2.00	1.1073494176038285
M03089_2.00	1.2944007457638955
M03090_2.00	0.14083272049471443
M03091_2.00	0.9170297867989813
M03092_2.00	0.15558459846655992
M03093_2.00	1.6086396412578716
M03094_2.00	0.8522029248616984
M03095_2.00	0.11743947805598048
M03096_2.00	0.5322707865546215
M03097_2.00	0.5135362617428029
M03098_2.00	5.482654668429643
M03099_2.00	0.9495642919549515
M03100_2.00	1.0031459523984942
M03101_2.00	1.2992692899232985
M03102_2.00	0.8548477391969502
M03103_2.00	0.39225843067276445
M03104_2.00	4.284173637651451
M03105_2.00	5.749036623811007
M03106_2.00	0.4769002839750851
M03107_2.00	3.95015265432119
M03108_2.00	1.1623583039844763
M03109_2.00	5.7833170398020375
M03110_2.00	12.354094172710365
M03111_2.00	0.06316173504829012
M03112_2.00	0.22013853042002515
M03113_2.00	0.8844760855718216
M03114_2.00	1.121764861610517
M03115_2.00	0.3805493934405016
M03116_2.00	2.3956197650573703
M03117_2.00	0.23753516590271917
M03118_2.00	0.16026513814209914
M03119_2.00	0.49517218948331737
M03120_2.00	0.21000051713219414
M03121_2.00	0.18775748805616893
M03122_2.00	1.478530586052146
M03123_2.00	1.3856166196376134
M03124_2.00	0.3988055065899179
M03125_2.00	0.5441223264253332
M03126_2.00	0.18269631439965506
M03127_2.00	4.502885021400398
M03128_2.00	0.6187584551841419
M03129_2.00	1.0613688100362824
M03130_2.00	0.8872880993687327
M03131_2.00	0.46095811510996965
M03132_2.00	0.5682866711484091
M03133_2.00	0.7861652119480149
M03134_2.00	0.6914363805831104
M03135_2.00	0.9054667928521752
M03136_2.00	0.9294327020673796
M03137_2.00	0.1269776075619981
M03138_2.00	0.13033719825931916
M03139_2.00	0.8329877100151417
M03140_2.00	0.5583707934757949
M03141_2.00	1.0028610822003186
M03142_2.00	1.7125826898265828
M03143_2.00	0.5241546186104615
M03144_2.00	3.037624861786232
M03145_2.00	0.44870293016418317
M03146_2.00	0.1848549078667056
M03147_2.00	2.8136406517191928
M03148_2.00	1.3491870453816146
M03149_2.00	0.4188315125513621
M03150_2.00	7.305616142560595
M03151_2.00	0.1708698798476622
M03152_2.00	3.6073645053361076
M03153_2.00	0.36816616181677186
M03154_2.00	0.46064607518159034
M03155_2.00	3.1476268906763485
M03156_2.00	0.6745724599615373
M03157_2.00	0.3858919409329662
M03158_2.00	0.2100149189348214
M03159_2.00	2.133867805074562
M03160_2.00	0.41926127024228144
M03161_2.00	0.2692613247422183
M03162_2.00	2.661483397481904
M03163_2.00	1.1185791413266237
M03164_2.00	7.763610276036721
M03165_2.00	1.0362564897133213
M03166_2.00	0.26263211857121105
M03167_2.00	4.679474512778258
M03168_2.00	0.24978966379623324
M03169_2.00	1.7104581384181352
M03170_2.00	9.691549308397263
M03171_2.00	1.0088979063369066
M03172_2.00	0.5179483669993238
M03173_2.00	0.3692867683280784
M03174_2.00	2.2466234398837197
M03175_2.00	1.1333573205574157
M03176_2.00	1.0179476593872445
M03177_2.00	0.22930898126874907
M03178_2.00	1.817785991167094
M03179_2.00	0.3101912861891485
M03180_2.00	0.46225007343195595
M03181_2.00	4.000418351481121
M03182_2.00	0.4521459075454195
M03183_2.00	2.277318348655419
M03184_2.00	3.640894277733473
M03185_2.00	0.5870725496424238
M03186_2.00	0.46625546273642826
M03187_2.00	1.6015019906413581
M03188_2.00	10.679911659414826
M03189_2.00	0.7492847860780807
M03190_2.00	0.6198799780144798
M03191_2.00	0.8122607016294363
M03192_2.00	0.385334267779867
M03193_2.00	0.6697088365465715
M03194_2.00	0.9637926384919073
M03195_2.00	1.4338080663001536
M03196_2.00	0.9526764607205481
M03197_2.00	2.453194784431769
M03198_2.00	0.15239068519331717
M03199_2.00	0.6996424037439366
M03200_2.00	0.11205312071953442
M03201_2.00	1.4629174860278253
M03202_2.00	3.400360036555778
M03203_2.00	0.21497019424835256
M03204_2.00	0.2515252915629501
M03205_2.00	0.34095266551676134
M03206_2.00	7.294198949434944
M03207_2.00	0.906569212913971
M03208_2.00	0.4678324943237677
M03209_2.00	5.787348130778022
M03210_2.00	0.4323179015731293
M03211_2.00	2.7614464529552
M03212_2.00	1.4548655259343526
M03213_2.00	0.17964183005250586
M03214_2.00	0.10431345916752036
M03215_2.00	0.38437589597866534
M03216_2.00	1.2061020811644814
M03217_2.00	0.39772997415446365
M03218_2.00	3.6332115909219214
M03219_2.00	0.7091914913256793
M03220_2.00	0.8483325662310658
M03221_2.00	0.9818458040641284
M03222_2.00	1.1190970687741455
M03223_2.00	1.6053288089712168
M03224_2.00	2.474842533968543
M03225_2.00	1.057349459382685
M03226_2.00	0.3733460775967869
M03227_2.00	0.24973730326776417
M03228_2.00	1.0002525561076165
M03229_2.00	0.5080396414608152
M03230_2.00	0.4369203930790095
M03231_2.00	1.8999612352171347
M03232_2.00	0.2355129607150697
M03233_2.00	0.2126128561459193
M03234_2.00	0.3203342791459991
M03235_2.00	0.42695167174342846
M03236_2.00	0.10807414049271818
M03237_2.00	0.443873273735258
M03238_2.00	4.341624821568189
M03241_2.00	0.5264255663715468
M03243_2.00	0.5812567013853723
M03247_2.00	0.9747628232315311
M03248_2.00	0.5779172210389227
M03249_2.00	2.4537679279144875
M03250_2.00	0.13025288481742633
M03251_2.00	0.518182171485538
M03252_2.00	0.520842321554766
M03253_2.00	0.7947531817651
M03254_2.00	0.188852760069056
M03255_2.00	3.6900553703950445
M03256_2.00	0.5765657887374651
M03257_2.00	0.49669742647744913
M03258_2.00	0.3479640887022101
M03259_2.00	0.19805124647936997
M03260_2.00	2.591637266706898
M03261_2.00	1.1465802776664433
M03262_2.00	0.7220999275199819
M03263_2.00	0.26952384720789474
M03264_2.00	1.4029975189700012
M03265_2.00	0.64104191893522
M03266_2.00	2.3433363709276525
M03267_2.00	0.11941280203196858
M03268_2.00	0.3796232819284545
M03269_2.00	1.0842539328680891
M03270_2.00	1.5500912747751134
M03271_2.00	0.24061329688021715
M03272_2.00	0.8599265439797754
M03273_2.00	0.9558426873038333
M03274_2.00	0.728654974561597
M03275_2.00	4.839210642732214
M03276_2.00	0.697482618887319
M03277_2.00	0.2272329268653765
M03278_2.00	1.246215978598079
M03279_2.00	1.0788714533326877
M03280_2.00	2.812275835298041
M03281_2.00	0.14885991394515471
M03282_2.00	1.837476193332328
M03283_2.00	1.5445614359623479
M03284_2.00	1.2300716310993751
M03285_2.00	3.7463957789430435
M03286_2.00	0.3726558340388185
M03287_2.00	0.2271752350516093
M03770_2.00	1.1895360048903476
M03771_2.00	0.4677545995189413
M03772_2.00	1.8158890297751369
M03773_2.00	4.295919018808109
M03774_2.00	4.269474774614855
M03775_2.00	7.684476080352287
M03776_2.00	1.9280725644647756
M03777_2.00	0.20307720907056953
M03778_2.00	0.19593049085864994
M03779_2.00	2.77810000327294
M03780_2.00	0.859253280983761
M03781_2.00	0.587691157024371
M03782_2.00	0.6158632822580069
M03783_2.00	0.6226335258486918
M03784_2.00	0.5144390588351992
M03785_2.00	0.97378119558224
M03786_2.00	5.070045641717347
M03787_2.00	4.210048185954445
M03788_2.00	0.383511411399724
M03789_2.00	0.31773221043287436
M03790_2.00	2.786697049102
M03791_2.00	0.2667902595804095
M03792_2.00	2.6827102189379115
M03793_2.00	0.2441708661116852
M03794_2.00	0.6928026936105234
M03795_2.00	0.8823975412809789
M03796_2.00	0.4314152884457693
M03797_2.00	0.571762856268233
M03798_2.00	0.7860375767870951
M03799_2.00	0.27057603684933873
M03800_2.00	1.1003727916958033
M03801_2.00	3.47678552087749
M03802_2.00	4.056902789045106
M03803_2.00	3.666887608821977
M03804_2.00	0.2812260299528563
M03805_2.00	0.2791972672490636
M03806_2.00	0.3340787157052294
M03807_2.00	4.294421746838646
M03808_2.00	0.11797376611154722
M03809_2.00	0.34460888544574997
M03810_2.00	0.586432515092035
M03811_2.00	0.3501455095387201
M03812_2.00	0.3452392812327427
M03813_2.00	2.800374858089223
M03814_2.00	1.2158998234664997
M03815_2.00	0.4372120483898555
M03816_2.00	4.133291038117323
M03817_2.00	0.2869061963223426
M03818_2.00	2.420434710918808
M03819_2.00	2.779989298170552
M03820_2.00	3.039110562803616
M03821_2.00	3.329033121943519
M03822_2.00	1.0599007945097232
M03823_2.00	1.097816838621669
M03824_2.00	0.9692524561463578
M03825_2.00	3.5007263740801884
M03826_2.00	0.5586796044501351
M03827_2.00	0.42261570149719513
M03828_2.00	2.6273233287444198
M03829_2.00	0.8722718630101328
M03830_2.00	0.5719491705095754
M03831_2.00	0.6329487591943023
M03832_2.00	0.36183265887290644
M03833_2.00	0.519597600577733
M03834_2.00	0.397647099510347
M03835_2.00	0.2719322132342035
M03836_2.00	0.5868784851215223
M03837_2.00	2.76695459230474
M03838_2.00	7.310171899952644
M03839_2.00	8.636629400677563
M03840_2.00	0.2741177532632191
M03841_2.00	2.4401159957471723
M03842_2.00	0.19978936679774134
M03843_2.00	0.1140832902371093
M03844_2.00	0.8239973760267052
M03845_2.00	0.2120393971493345
M03846_2.00	1.942236763754731
M03847_2.00	1.880433648604439
M03848_2.00	0.6561416416903618
M03849_2.00	1.4032205854435573
M03850_2.00	7.371274974181674
M03851_2.00	0.20729439081522483
M03852_2.00	2.146254876853032
M03853_2.00	0.4482233921080491
M03854_2.00	1.6064823895742513
M03855_2.00	1.480093693309334
M03856_2.00	1.1775108512578294
M03857_2.00	0.2993223373253372
M03858_2.00	0.8755468102165307
M03859_2.00	2.0737931793667364
M03860_2.00	0.25588328806330557
M03861_2.00	2.8779763400099663
M03862_2.00	3.1596665518383897
M03863_2.00	0.46528689115465005
M03864_2.00	3.7587346250974787
M03865_2.00	6.420411824622519
M03866_2.00	0.4350975239371104
M03867_2.00	2.3768677729535703
M03868_2.00	3.059996992254227
M03869_2.00	0.3135293886203786
M03870_2.00	0.2513707910860507
M03871_2.00	0.9328785114560447
M03872_2.00	1.1121089301458118
M03873_2.00	0.49181703378561803
M03874_2.00	1.2953475729652464
M03875_2.00	0.3663005893692987
M03876_2.00	0.7628313179860018
M03877_2.00	1.937935687323396
M03878_2.00	0.5330804349779741
M04895_2.00	1.29285759039476
M04896_2.00	0.6465797730387419
M04897_2.00	1.1871040786653493
M04898_2.00	0.5528216150044658
M04899_2.00	1.2703309003546435
M04900_2.00	0.9243402619419235
M04901_2.00	1.112796991784433
M04902_2.00	0.4737847673750647
M04903_2.00	0.7850015092782493
M04904_2.00	0.4236843759443432
M04905_2.00	1.39671797134215
M04906_2.00	1.070905818848793
M04907_2.00	0.4713811228752147
M04908_2.00	0.4456409284026145
M04909_2.00	0.44556177857750456
M04910_2.00	0.33577891758686096
M04911_2.00	0.3778150097931552
M04912_2.00	0.7150693091511297
M04913_2.00	0.38894293643174893
M04914_2.00	0.8968770826957082
M04915_2.00	0.7717327372842074
M04916_2.00	0.9182181855500247
M04917_2.00	0.5722688935575873
M04918_2.00	0.5382114803643043
M04919_2.00	1.886672894268917
M04920_2.00	0.19353521808078794
M04921_2.00	0.15489811178352333
M04922_2.00	0.3102432666847717
M04923_2.00	3.6907233344077843
M04924_2.00	0.3552012741334677
M04925_2.00	0.41640878367902046
M04926_2.00	1.869524919878283
M04927_2.00	0.26173806545957845
M04928_2.00	0.1989081131155354
M04929_2.00	0.21182537960197617
M04930_2.00	0.10008874791715328
M04931_2.00	0.24439466634501075
M04932_2.00	5.072679695737797
M04933_2.00	2.5309392092691816
M04934_2.00	2.737887497266356
M04935_2.00	2.9171369117477832
M04936_2.00	0.7371683196394281
M04937_2.00	1.6339077223523146
M04938_2.00	0.5166054373472241
M04939_2.00	4.416868796369823
M04940_2.00	5.247372741431457
M04941_2.00	1.4461871118286327
M04942_2.00	2.952477541462596
M04943_2.00	0.9993010126866817
M04944_2.00	1.4438934494993854
M04945_2.00	1.6062178542855452
M04946_2.00	1.7997157125820937
M04947_2.00	0.2844604508888
M04948_2.00	0.21950608726849563
M04949_2.00	0.22796587278996952
M04950_2.00	0.23114397123665817
M04951_2.00	0.5443835962036438
M04952_2.00	0.5564425458416845
M04953_2.00	0.40126034632041635
M04954_2.00	6.657522771319097
M04955_2.00	0.41857367538151935
M04956_2.00	0.4188293613740933
M04957_2.00	1.8118451584679853
M04958_2.00	1.3756395036276503
M04959_2.00	0.5990667118214525
M04960_2.00	0.4923158071184809
M04961_2.00	1.3733228134216207
M04962_2.00	0.7395341605286502
M04963_2.00	0.7947231648642112
M04964_2.00	1.6397680708269637
M04965_2.00	1.0515721963765305
M04966_2.00	1.1176392307466188
M04967_2.00	1.77256857136605
M04968_2.00	0.5966487007542711
M04969_2.00	0.4350127724729047
M04970_2.00	0.7448135258226052
M04971_2.00	0.36045795999106867
M04972_2.00	0.3572324716462019
M04973_2.00	0.5850891066022261
M04974_2.00	0.28523350753991633
M04975_2.00	0.3232225861586905
M04976_2.00	0.8383982820920932
M04977_2.00	1.8645324576285747
M04978_2.00	1.4813642228638417
M04979_2.00	1.192071706045367
M04980_2.00	1.4354876748520307
M04981_2.00	1.0558129753271708
M04982_2.00	1.2813384713763059
M04983_2.00	1.2733333074201316
M04984_2.00	1.4786817392253906
M04985_2.00	0.5153620440670529
M04986_2.00	0.3807142802489412
M04987_2.00	0.8975233402342367
M04988_2.00	1.0652827833808214
M04989_2.00	0.5286602089047885
M04990_2.00	0.8216093849107977
M04991_2.00	0.41602335408961433
M04992_2.00	1.3918269176089917
M04993_2.00	11.922169441794884
M04994_2.00	1.120710006898546
M04995_2.00	4.905750819944653
M04996_2.00	12.183556090660275
M04997_2.00	0.1873792273886805
M04998_2.00	0.12333024197829667
M04999_2.00	0.3757758010576548
M05000_2.00	1.1336430430398474
M05001_2.00	0.27974727604052446
M05002_2.00	0.4686135518404132
M05003_2.00	6.3039083430588505
M05004_2.00	0.5390737444581396
M05005_2.00	0.6554286926568622
M05006_2.00	0.9732384589082324
M05007_2.00	0.5926642059919957
M05008_2.00	0.9481471607728034
M05009_2.00	0.9084514342022993
M05010_2.00	1.952331205108039
M05011_2.00	1.6949055526305286
M05012_2.00	0.6672387972334004
M05013_2.00	0.39673685930578
M05014_2.00	5.114061454439268
M05015_2.00	0.8318318989638918
M05016_2.00	0.9338880979364189
M05017_2.00	0.9370489154152324
M05018_2.00	1.0659476595433155
M05019_2.00	2.0586521308996817
M05020_2.00	0.8364819443348339
M05021_2.00	0.7205357687204699
M05022_2.00	0.22421567721843869
M05023_2.00	0.22859687037132842
M05024_2.00	0.1926138018597559
M05025_2.00	0.24614693790069342
M05026_2.00	0.371985986566857
M05027_2.00	0.3800025553771376
M05028_2.00	0.3859911471895914
M05029_2.00	0.37591334342629934
M05030_2.00	0.7647288733942252
M05031_2.00	0.771109289177606
M05032_2.00	0.4615505418129306
M05033_2.00	0.5843745210775831
M05034_2.00	1.2274159541771426
M05035_2.00	1.2462839284575302
M05036_2.00	0.7706189999248493
M05037_2.00	0.6440195037553607
M05038_2.00	3.285627663096074
M05039_2.00	1.4790405816261183
M05040_2.00	1.4894194716863065
M05041_2.00	1.2952610946195744
M05042_2.00	0.6474095795706278
M05043_2.00	0.8065526736834226
M05044_2.00	3.000246127428335
M05045_2.00	0.8296903636806714
M05046_2.00	0.8068871304799998
M05047_2.00	4.486899477889864
M05048_2.00	1.219664900622298
M05049_2.00	0.830157927177946
M05050_2.00	1.3444538108104482
M05051_2.00	0.36959348409774656
M05052_2.00	0.3488091090359971
M05053_2.00	0.6519578169922029
M05054_2.00	0.6373809717068091
M05055_2.00	0.5354670006564662
M05056_2.00	0.777330955183977
M05057_2.00	0.7289338804652438
M05058_2.00	0.7593028244658053
M05059_2.00	1.2548928504131427
M05060_2.00	0.7275301350696541
M05061_2.00	0.7196078325265581
M05062_2.00	3.6379210468372385
M05063_2.00	0.6947286525465521
M05064_2.00	0.43025699265112943
M05065_2.00	1.4230110805928975
M05066_2.00	0.3482808562254464
M05067_2.00	0.25706035082006673
M05068_2.00	1.0813548838817848
M05069_2.00	0.4852169998043757
M05070_2.00	0.3635829377549089
M05071_2.00	1.1751093705806992
M05072_2.00	1.475685591703259
M05073_2.00	1.172192794578052
M05074_2.00	1.5025301153947324
M05075_2.00	0.7178335867642754
M05076_2.00	0.6708220160473624
M05077_2.00	0.9323443756271156
M05078_2.00	0.7273505369285145
M05079_2.00	0.7247368918350776
M05080_2.00	0.6113330811495579
M05081_2.00	0.5741523934786861
M05082_2.00	0.4046717277687176
M05083_2.00	0.7043077140107892
M05084_2.00	0.9407070380457767
M05085_2.00	0.7355845862496706
M05086_2.00	0.8175707378965316
M05087_2.00	0.19343453355305654
M05088_2.00	0.5340150552602544
M05089_2.00	0.20525087429365518
M05090_2.00	0.3529790288674022
M05091_2.00	0.47498243374459403
M05092_2.00	0.3004776551291286
M05093_2.00	0.42535703870725655
M05094_2.00	1.6804423186718949
M05095_2.00	1.3633111459062424
M05096_2.00	1.4816083038089352
M05097_2.00	1.6007661725797724
M05098_2.00	0.6160970178863885
M05099_2.00	0.4712898514426491
M05100_2.00	1.0428785868146964
M05101_2.00	0.7244082041492027
M05102_2.00	1.3034401932431736
M05103_2.00	0.7842128245350036
M05104_2.00	2.200438957268442
M05105_2.00	2.0343438188114273
M05106_2.00	2.0352891261878785
M05107_2.00	1.8445425522721142
M05108_2.00	2.0218848245097423
M05109_2.00	2.165467417222907
M05110_2.00	1.9616180403440746
M05111_2.00	1.8925107006009048
M05112_2.00	1.6472690677077746
M05113_2.00	1.728134321868922
M05114_2.00	1.9532341621318912
M05115_2.00	2.345788209208637
M05116_2.00	2.2053300215346634
M05117_2.00	1.6853162438202265
M05118_2.00	2.563091358076354
M05119_2.00	2.1743684581718057
M05120_2.00	1.839568003023973
M05121_2.00	2.2384641130044423
M05122_2.00	2.71453636819079
M05123_2.00	1.932732067110063
M05124_2.00	1.1016863297165727
M05125_2.00	2.0085083305056566
M05126_2.00	0.464827246100371
M05127_2.00	1.0834308461253763
M05128_2.00	0.3822049613644309
M05129_2.00	0.5504599721275181
M05130_2.00	1.3566841412840485
M05131_2.00	0.6635366624938899
M05132_2.00	0.05704711475998648
M05133_2.00	0.05520970274244533
M05134_2.00	0.1255277436186209
M05135_2.00	0.21890640817106038
M05136_2.00	0.15344094232410715
M05137_2.00	0.10134917003243835
M05138_2.00	1.3445732096692784
M05139_2.00	0.9427749706407693
M05140_2.00	1.061018695892508
M05141_2.00	0.9543071980830566
M05142_2.00	0.6887005073675703
M05143_2.00	1.3625541145935527
M05144_2.00	0.4904677999467425
M05145_2.00	0.23270723418921302
M05146_2.00	0.22868965986747847
M05147_2.00	0.19691263743232512
M05148_2.00	0.19408164393473668
M05149_2.00	1.1352815225189241
M05150_2.00	8.405003412710265
M05151_2.00	1.2332733682682695
M05152_2.00	2.052038325027861
M05153_2.00	0.6705691201006223
M05154_2.00	0.4645744096200463
M05155_2.00	1.481354713256408
M05156_2.00	1.2681285652533494
M05157_2.00	2.8011361040809755
M05158_2.00	1.3908937873228349
M05159_2.00	0.5064139630964768
M05160_2.00	0.5975683364239681
M05161_2.00	1.421481157621702
M05162_2.00	1.49771882284834
M05163_2.00	0.6705093012147101
M05164_2.00	0.8031886315953369
M05165_2.00	0.3992571451733914
M05166_2.00	0.47684863816063994
M05167_2.00	0.5107237044022304
M05168_2.00	0.37532340707813416
M05169_2.00	0.5910631728826732
M05170_2.00	1.1577648565890617
M05171_2.00	0.7898749824134925
M05172_2.00	1.4662828422596037
M05173_2.00	0.9139900639345593
M05174_2.00	0.6393031408231911
M05175_2.00	1.3463505001198075
M05176_2.00	0.3773803274299664
M05177_2.00	0.4102505000223422
M05178_2.00	0.3982136904398512
M05179_2.00	0.38792648160163756
M05180_2.00	1.6109704475273685
M05181_2.00	1.982568744035561
M05182_2.00	0.20441655666884911
M05183_2.00	0.25012650435477224
M05184_2.00	0.4872886915911094
M05185_2.00	0.3964726038516179
M05186_2.00	0.4323931022413173
M05187_2.00	0.37656978035134603
M05188_2.00	6.049190044956438
M05189_2.00	0.4896516779198257
M05190_2.00	0.4343961709042369
M05191_2.00	0.15443570152107117
M05192_2.00	0.17754050325073245
M05193_2.00	0.19794448945035142
M05194_2.00	0.43098861710448266
M05195_2.00	0.8870993380273907
M05196_2.00	0.2709788688209652
M05197_2.00	3.226977919750483
M05198_2.00	0.7069933902385894
M05199_2.00	0.40507702868337225
M05200_2.00	3.4969344873229313
M05201_2.00	1.6380133839880129
M05202_2.00	1.419600663407998
M05203_2.00	1.8280441904936024
M05204_2.00	0.325536909671847
M05205_2.00	0.29020777704905315
M05206_2.00	0.6577329920522816
M05207_2.00	0.7330884675698238
M05208_2.00	1.6674020573953943
M05209_2.00	1.089977765006476
M05210_2.00	1.9350845067681537
M05211_2.00	3.691716037604943
M05212_2.00	1.7905239968974287
M05213_2.00	2.062436558621964
M05214_2.00	3.600862107727674
M05215_2.00	0.8431371718322431
M05216_2.00	1.478178317259808
M05217_2.00	0.6231079309869079
M05218_2.00	0.6905543483161467
M05219_2.00	1.8769719523987018
M05220_2.00	0.9646457917082453
M05221_2.00	1.4011783138623284
M05222_2.00	0.6504759566237007
M05223_2.00	1.7976015575615392
M05224_2.00	1.1214711778665134
M05225_2.00	0.3609015889915391
M05226_2.00	1.6673735351495298
M05227_2.00	0.9866189802882811
M05228_2.00	0.7572220221986814
M05229_2.00	0.3005727081363587
M05230_2.00	0.2884448519145383
M05231_2.00	0.30824393303125264
M05232_2.00	0.4278232089884304
M05233_2.00	3.2645437448133303
M05234_2.00	2.357494063805837
M05235_2.00	2.5732633819213055
M05236_2.00	1.9763279988379903
M05237_2.00	0.662175992676562
M05238_2.00	2.9980770808399915
M05239_2.00	0.6832809813509252
M05240_2.00	0.4396240815762923
M05241_2.00	3.3337125475995695
M05242_2.00	0.4473234708559965
M05243_2.00	0.435113742848964
M05244_2.00	0.7459864348603341
M05245_2.00	0.7008873788440869
M05246_2.00	0.40670896523743283
M05247_2.00	0.586274696218309
M05248_2.00	0.5027627835267641
M05249_2.00	0.4471141320647551
M05250_2.00	1.5325263322651763
M05251_2.00	0.17308556082206453
M05252_2.00	0.2504956873773441
M05253_2.00	1.8364491362050017
M05254_2.00	0.9164214566704734
M05255_2.00	0.46971127180645833
M05256_2.00	0.3465079315705078
M05257_2.00	5.665250092011867
M05258_2.00	2.456981602008383
M05259_2.00	0.4047228639503314
M05260_2.00	2.489151734621971
M05261_2.00	0.38865248832966226
M05262_2.00	0.5003722595877385
M05263_2.00	0.5502402584586589
M05264_2.00	1.6140794554843394
M05265_2.00	0.49196138948722806
M05266_2.00	1.3547310304529165
M05267_2.00	0.47250726073529625
M05268_2.00	0.5847198980575717
M05269_2.00	0.43415567430985746
M05270_2.00	1.1897908169791638
M05271_2.00	3.145127508970539
M05272_2.00	0.635940628719777
M05273_2.00	1.0171975231586117
M05274_2.00	0.5681721593706707
M05275_2.00	1.0136789744472754
M05276_2.00	0.49926139099080646
M05277_2.00	0.3415493791305798
M05278_2.00	2.342571181590136
M05279_2.00	0.965716722136603
M05280_2.00	0.7908388999577973
M05281_2.00	0.6473714482066436
M05282_2.00	0.24841150477333812
M05283_2.00	0.5188649512655189
M05284_2.00	0.9517245106950531
M05285_2.00	1.373209088172544
M05286_2.00	1.1247284858466222
M05287_2.00	4.047162509976907
M05288_2.00	1.1027010238524733
M05289_2.00	0.644410977636874
M05290_2.00	0.7855723560142904
M05291_2.00	1.1757835791782676
M05292_2.00	0.3764768111253593
M05293_2.00	0.37296393825614454
M05294_2.00	0.690833085525151
M05295_2.00	0.49063837350439543
M05296_2.00	0.4010340108567133
M05297_2.00	1.235911126323074
M05298_2.00	0.3642171320762425
M05299_2.00	0.3215085486130195
M05300_2.00	1.5687190638818616
M05301_2.00	1.5124903419810456
M05302_2.00	0.9411288513346547
M05303_2.00	1.475709538146122
M05304_2.00	1.196538472055741
M05305_2.00	1.2263431136467984
M05306_2.00	1.4681451920994106
M05307_2.00	1.2161745072867731
M05308_2.00	1.0592555186992503
M05309_2.00	1.4830654487656196
M05310_2.00	0.7545279986201804
M05311_2.00	0.4761463098021288
M05312_2.00	0.9553522509149106
M05313_2.00	0.1854107160552127
M05314_2.00	0.21646024737532518
M05315_2.00	1.681155663943162
M05316_2.00	2.008037161942298
M05317_2.00	0.626145462001644
M05318_2.00	0.7773930723041107
M05319_2.00	3.02398092229551
M05320_2.00	2.0396879510978483
M05321_2.00	1.5414138242970403
M05322_2.00	3.242113433236509
M05323_2.00	1.7586340566524048
M05324_2.00	3.6132170100791443
M05325_2.00	2.762976566167312
M05326_2.00	0.3565282504331356
M05327_2.00	1.9141752453144627
M05328_2.00	1.8658221321618877
M05329_2.00	1.3642624306210738
M05330_2.00	1.016280055610768
M05331_2.00	1.8222415941776113
M05332_2.00	2.342567888803734
M05333_2.00	1.638596853883503
M05334_2.00	2.805713308325175
M05335_2.00	0.5667193808887621
M05336_2.00	0.8410724433407821
M05337_2.00	0.8776392394155246
M05338_2.00	1.1543416141978815
M05339_2.00	0.9298858823641972
M05340_2.00	1.0092087440139714
M05341_2.00	1.3049540081490043
M05342_2.00	1.2964988847785346
M05343_2.00	0.7258288715429194
M05344_2.00	2.896176969996024
M05345_2.00	0.5057929785597186
M05346_2.00	0.9192528418537392
M05347_2.00	1.5245557679634314
M05348_2.00	4.864882527373067
M05349_2.00	4.7689495190379
M05350_2.00	0.9770260054732104
M05351_2.00	0.9722647751500776
M05352_2.00	4.33506112892299
M05353_2.00	2.7844353421632895
M05354_2.00	3.2553296146052926
M05355_2.00	3.0010632329591145
M05356_2.00	2.9745051281264656
M05357_2.00	2.099708975277294
M05358_2.00	2.9388723381438755
M05359_2.00	0.480024977438571
M05360_2.00	0.8940860279547299
M05361_2.00	1.5323961561605643
M05362_2.00	0.6953552418882117
M05363_2.00	3.5058292711999033
M05364_2.00	1.0479945183271449
M05365_2.00	2.8313568725492457
M05366_2.00	0.19690446955604907
M05367_2.00	0.2903063994036222
M05368_2.00	1.4031841270449836
M05369_2.00	0.39954778289403287
M05370_2.00	1.4792897290454186
M05371_2.00	0.4159548370549644
M05372_2.00	1.5543247307584402
M05373_2.00	0.5266239510944112
M05374_2.00	0.23551896880272227
M05375_2.00	0.3607294579239493
M05376_2.00	0.5486132721770962
M05377_2.00	1.0600309117661642
M05378_2.00	0.6190180239141092
M05379_2.00	0.590802182877828
M05380_2.00	0.5164661058246443
M05381_2.00	1.4982320947776422
M05382_2.00	1.1420533294665516
M05383_2.00	0.31779410815104536
M05384_2.00	0.3651369729586736
M05385_2.00	0.33662841293724965
M05386_2.00	0.28592756676003306
M05387_2.00	0.8082167000812619
M05388_2.00	0.6922198265034141
M05389_2.00	1.0911410689538186
M05390_2.00	0.27344817600781
M05391_2.00	0.22762556390127514
M05392_2.00	0.3973946737532203
M05393_2.00	0.4713047112199298
M05869_2.00	2.200744546282804
M05870_2.00	0.5031459559743747
M05871_2.00	0.5940918674701272
M05872_2.00	2.8219467485597463
M05873_2.00	1.0644998616621277
M06210_2.00	0.7513139660984378
M06211_2.00	1.4370706362633123
M06212_2.00	0.889387272916518
M06213_2.00	0.5744255859683971
M06214_2.00	0.41374623017489404
M06215_2.00	0.9697036863170416
M06216_2.00	0.14600560106483196
M06217_2.00	0.9962257614808783
M06218_2.00	0.30435781992100475
M06219_2.00	3.161365019664401
M06220_2.00	2.1785498791568845
M06221_2.00	2.3182743442588256
M06222_2.00	1.9133535926762428
M06223_2.00	3.6675104769901177
M06224_2.00	1.8043068027680669
M06225_2.00	0.5718607300741676
M06226_2.00	0.8468364611962407
M06227_2.00	1.5267425357030333
M06228_2.00	1.1239194812461735
M06229_2.00	1.345585644235038
M06230_2.00	0.6651316499479563
M06231_2.00	0.9841026095292487
M06232_2.00	0.35578627705339905
M06233_2.00	0.5672310214721019
M06234_2.00	2.55325295511217
M06235_2.00	0.28730656688042877
M06236_2.00	0.36453159840491633
M06237_2.00	0.452197598711384
M06238_2.00	0.27886128015491773
M06239_2.00	0.20445776982456443
M06240_2.00	0.391736899709995
M06241_2.00	1.992026696061953
M06242_2.00	1.0880314592336182
M06243_2.00	0.8888486139483309
M06244_2.00	4.644374076648694
M06245_2.00	0.48302481667904584
M06246_2.00	0.3651152657175216
M06247_2.00	0.9365107925415043
M06248_2.00	4.977116061719535
M06249_2.00	0.4846749379380349
M06250_2.00	0.45525440925072214
M06251_2.00	0.4513746093249076
M06252_2.00	0.3087064359960562
M06253_2.00	0.24731007725362802
M06254_2.00	0.44731095303203516
M06255_2.00	0.5669091894795182
M06256_2.00	0.15736152978275864
M06257_2.00	0.253341853072582
M06258_2.00	0.3646309594803928
M06259_2.00	0.21535219390102003
M06260_2.00	1.123810811763736
M06261_2.00	0.5510593444909608
M06262_2.00	0.908709826688871
M06263_2.00	0.507248174371347
M06264_2.00	0.22271375934281612
M06265_2.00	0.13593478930429426
M06266_2.00	0.601006159102806
M06267_2.00	0.15659256718275286
M06268_2.00	1.9843345018275633
M06269_2.00	1.708612942727139
M06270_2.00	0.5664766805606695
M06271_2.00	0.15873348670782877
M06272_2.00	0.17127404176267982
M06273_2.00	0.6929501933814153
M06274_2.00	0.429747802745038
M06275_2.00	0.4113755579023585
M06276_2.00	0.5775731599727392
M06277_2.00	2.721129216072627
M06278_2.00	0.2425281399259407
M06279_2.00	0.39091267447429545
M06280_2.00	0.18216930125262892
M06281_2.00	1.1725510098698377
M06282_2.00	0.21240592696298458
M06283_2.00	0.17211948937206306
M06284_2.00	0.43512576478022813
M06285_2.00	0.9808774312915816
M06286_2.00	0.3458500122968403
M06287_2.00	0.7564463430647881
M06288_2.00	0.3635284192431857
M06289_2.00	0.2760661771399683
M06290_2.00	0.13357197098543866
M06291_2.00	1.0968771822482646
M06292_2.00	0.31627165022892295
M06293_2.00	0.3548868697373244
M06294_2.00	0.30217118095118944
M06295_2.00	0.3756459434398095
M06296_2.00	0.14847674451143622
M06297_2.00	0.5620520592327702
M06298_2.00	0.3307866072279807
M06299_2.00	0.46884699550724734
M06300_2.00	0.29390525465616835
M06301_2.00	0.3435923042117494
M06302_2.00	0.22437121649352526
M06303_2.00	0.715709615650501
M06304_2.00	0.5328878949363448
M06305_2.00	0.37151277187548415
M06306_2.00	0.18909352811478786
M06307_2.00	0.393202651403918
M06308_2.00	0.12159370326595675
M06309_2.00	0.3993770747847458
M06310_2.00	0.5339090286511079
M06311_2.00	0.7190337409361367
M06312_2.00	1.2225306922739207
M06313_2.00	0.4637668695313467
M06314_2.00	0.1879052007152272
M06315_2.00	0.4412320862533599
M06316_2.00	0.21137054599451816
M06317_2.00	0.627667487192912
M06318_2.00	0.30233240986690957
M06319_2.00	0.43524160593701633
M06320_2.00	0.24822057199887845
M06321_2.00	0.512904390002481
M06322_2.00	0.8359867106524818
M06323_2.00	0.3535127494246607
M06324_2.00	0.3658989521390985
M06325_2.00	0.7617056380332615
M06326_2.00	0.699628234744667
M06327_2.00	1.2791618745082252
M06328_2.00	0.8930611643639567
M06329_2.00	0.4681216301747465
M06330_2.00	0.5212554506140784
M06331_2.00	0.32701632068972897
M06332_2.00	0.6132129236818238
M06333_2.00	0.09206770850894264
M06334_2.00	0.8018709318105202
M06335_2.00	0.2946178845135506
M06336_2.00	0.44671981143775374
M06337_2.00	0.7232432562124826
M06338_2.00	0.3802989536216486
M06339_2.00	0.8442287455661994
M06340_2.00	0.204403336467939
M06341_2.00	0.818414638227987
M06342_2.00	0.3102201576047948
M06343_2.00	0.24388208947229173
M06344_2.00	0.29627885598587733
M06345_2.00	0.5452143965436076
M06346_2.00	0.28972248251646926
M06347_2.00	0.6277877929433335
M06348_2.00	0.5210013058591825
M06349_2.00	0.5805930379233948
M06350_2.00	0.6825669783331543
M06351_2.00	0.4826910929630345
M06352_2.00	0.2766524875210102
M06353_2.00	0.14090943488924212
M06354_2.00	0.13400371318116833
M06355_2.00	0.12256291269502562
M06356_2.00	0.40054972209808
M06357_2.00	0.33388092117198354
M06358_2.00	1.257676084963447
M06359_2.00	0.8813369901693331
M06360_2.00	0.5250814317580301
M06361_2.00	0.9255515467542222
M06362_2.00	0.9792634390338413
M06363_2.00	3.036352068736508
M06364_2.00	0.6006233267253283
M06365_2.00	0.37457244794202627
M06366_2.00	0.6854517166229178
M06367_2.00	0.33049810527331747
M06368_2.00	0.5256778195102629
M06369_2.00	0.20261426892495002
M06370_2.00	1.0555713973407927
M06371_2.00	0.8068999366654985
M06374_2.00	0.7902279169374202
M06375_2.00	2.22833187857191
M06376_2.00	0.15756906658488276
M06377_2.00	0.6516699373526654
M06378_2.00	1.6272530768786708
M06379_2.00	0.18934852594965573
M06475_2.00	0.4908877212931997
M06476_2.00	0.9086628576932485
M06477_2.00	0.889387272916518
M06478_2.00	0.3002564068002481
M06479_2.00	1.0149594932759392
M06480_2.00	2.9654399124737907
M06481_2.00	0.7816990332179634
M06482_2.00	1.0157395721663487
M06483_2.00	0.8042056696171386
M06484_2.00	0.42847650585925634
M06485_2.00	0.2662305424245355
M06486_2.00	0.35142514172374095
M06487_2.00	0.8888486956970238
M06488_2.00	0.8531787567463301
M06489_2.00	0.2820305507988724
M06490_2.00	0.468621928530249
M06491_2.00	0.5669091894795182
M06492_2.00	0.2973681700040762
M06493_2.00	1.123810811763736
M06494_2.00	0.7665085529645498
M06495_2.00	0.14688367978257355
M06496_2.00	0.3758515185870748
M06497_2.00	1.5251403310139153
M06498_2.00	0.26099977341638825
M06499_2.00	0.6929501933814153
M06500_2.00	0.42660459538975126
M06501_2.00	0.2618773158235831
M06502_2.00	0.15940415592872534
M06503_2.00	0.6955501443679485
M06504_2.00	0.7290545052233168
M06505_2.00	0.23116612247120094
M06506_2.00	0.48524971009533413
M06507_2.00	0.35346290890988374
M06508_2.00	0.22077148588711015
M06509_2.00	0.44087261051074444
M06510_2.00	0.4274107017050392
M06511_2.00	0.30725884568091055
M06512_2.00	0.5670762033262866
M06513_2.00	0.715709615650501
M06514_2.00	0.2596901626961944
M06515_2.00	0.3577788440180943
M06516_2.00	0.2715271232821214
M06517_2.00	0.6095730440891183
M06518_2.00	0.2320608993383232
M06519_2.00	0.18534228872105304
M06520_2.00	0.5606136673960346
M06521_2.00	0.43524160593701633
M06522_2.00	0.4005745487708844
M06523_2.00	1.0266789351163057
M06524_2.00	0.30890447341314164
M06525_2.00	0.7171337220135651
M06526_2.00	0.8785049747995557
M06527_2.00	0.24438496581245173
M06528_2.00	0.521255450614124
M06529_2.00	0.6132129236818727
M06530_2.00	0.6269585765002703
M06531_2.00	0.7232432562126662
M06532_2.00	0.767808425474646
M06533_2.00	0.9255102159772817
M06534_2.00	0.26470664058706694
M06535_2.00	0.38612843985011813
M06536_2.00	0.6158574503196844
M06537_2.00	0.5291629906780174
M06538_2.00	0.23305943330395879
M06539_2.00	0.13400371318116833
M06540_2.00	0.3362789679719239
M06541_2.00	1.2576757075499356
M06542_2.00	0.40013886962919576
M06543_2.00	0.7907951216324696
M06544_2.00	0.596883594186046
M06545_2.00	0.6013207508854538
M06546_2.00	0.2208272526956909
M06547_2.00	1.055571397340821
M06549_2.00	0.6546275469176697
M06550_2.00	0.49233186478364455
M06551_2.00	0.6516702563573408
M07484_2.00	0.2852097379110735
M07485_2.00	1.3871517591729383
M07486_2.00	0.6766712749989258
M07487_2.00	1.5489398265175536
M07488_2.00	0.4759166615463219
M07971_2.00	4.798834186928082
M08130_2.00	2.3054938979877915
M08131_2.00	1.7464345953074152
M08132_2.00	1.4704184361488826
M08133_2.00	2.3435934632072994
M08134_2.00	1.1551163624231833
M08136_2.00	1.788805672646758
M08137_2.00	2.420220057922195
M08138_2.00	2.4332954136353737
M08139_2.00	1.1770601142049026
M08208_2.00	1.3900155314100981
M08209_2.00	0.7599493964262302
M08420_2.00	0.8993464031424767
M08421_2.00	0.7698425242498572
M08422_2.00	2.3059855427281715
M08423_2.00	0.8961061325952964
M08457_2.00	1.6167774447646668
M08570_2.00	2.8734424706223045
M08571_2.00	0.2817671786581679
M08572_2.00	1.3774586509082694
M08573_2.00	0.5123446241612162
M08574_2.00	0.6771226703510178
M08575_2.00	1.536629483426917
M08576_2.00	0.47256944469715617
M09128_2.00	4.124731295954832
M09129_2.00	0.820798506871172
M09130_2.00	3.2647770210404037
M09131_2.00	1.8354147700883825
M09132_2.00	0.7916332974888644
M09133_2.00	3.119832097247497
M09134_2.00	1.4171037291287483
M09135_2.00	0.7021746899989023
M09136_2.00	0.583538568977316
M09137_2.00	2.0073445509080523
M09138_2.00	0.8338023962056147
M09139_2.00	3.97810434366925
M09140_2.00	1.1715407240129043
M09141_2.00	2.9655070845852096
M09142_2.00	2.165463551741946
M09143_2.00	1.0890672850452123
M09144_2.00	5.786224909476033
M09145_2.00	1.3636400259277521
M09146_2.00	0.8478985930452492
M09147_2.00	1.8474779052338692
M09148_2.00	1.6749853463915598
M09149_2.00	5.495715706106534
M09150_2.00	4.351239329259396
M09151_2.00	5.900305400093805
M09152_2.00	3.7845963024448666
M09153_2.00	0.5483684708440596
M09154_2.00	0.6035538050833571
M09155_2.00	0.731904439490812
M09156_2.00	0.41068312036360666
M09157_2.00	1.7594589715490494
M09158_2.00	3.1231554928974226
M09159_2.00	1.4578275351308938
M09160_2.00	0.834256900672735
M09161_2.00	1.9055119845394488
M09162_2.00	0.8950987818651778
M09163_2.00	0.8882670482175656
M09164_2.00	0.8880792331415666
M09165_2.00	2.1823941839679075
M09169_2.00	0.5423054613410014
M09170_2.00	2.3712101699850727
M09171_2.00	0.9987204582377409
M09172_2.00	0.820798506871172
M09173_2.00	6.044212002602533
M09174_2.00	3.979264294790043
M09175_2.00	4.351239329259396
M09176_2.00	3.977371824535718
M09177_2.00	0.7823025616181618
M09178_2.00	1.6749853463915598
M09179_2.00	7.451278166152742
M09180_2.00	2.3744518994411488
M09181_2.00	1.4095790113443016
M09182_2.00	0.6649689112099345
M09183_2.00	0.5367257853236136
M09184_2.00	0.6035538050833571
M09185_2.00	1.9037680117285878
M09186_2.00	1.1715407240129043
M09187_2.00	0.4176448070069385
M09188_2.00	1.1366256591531412
M09189_2.00	1.0890672850452123
M09190_2.00	1.0156584583805797
M09192_2.00	1.0411540911280472
M09193_2.00	0.9877876946496613
M09194_2.00	0.48978172121920505
M09195_2.00	1.4539285922883909
M09196_2.00	3.119832097247497
M09197_2.00	7.856073400281872
M09198_2.00	1.2738889891875544
M09199_2.00	2.18239448714395
M09200_2.00	3.0714589666959236
M09201_2.00	0.834256900672735
M09202_2.00	1.4171037291287483
M09203_2.00	1.8354150375295875
M09204_2.00	0.8950987179327836
M09205_2.00	1.5264890288292323
M09206_2.00	2.0876395967789616
M09207_2.00	0.41068312036360666
M09208_2.00	0.7916332974888644
M09209_2.00	4.124731295954832
M09210_2.00	1.104979388634648
M09211_2.00	1.0244826920310435
M09212_2.00	0.8338023962056147
M09213_2.00	0.8009728380278921
M09214_2.00	2.9655070845852096
M09215_2.00	1.2857209090177824
M09559_2.00	0.810648178480141
M09560_2.00	1.2281076691509658
M09561_2.00	2.3418281329041006
M09562_2.00	0.4786035605568884
M09563_2.00	0.4841108031355256
M09564_2.00	1.3449176621161987
M09565_2.00	1.8024423930552749
M09566_2.00	2.681614159592661
M09567_2.00	0.506543028240849
M09568_2.00	1.9536889335645748
M09569_2.00	0.3433849432898238
M09570_2.00	0.5212119532138981
M09571_2.00	2.6635371419072396
M09572_2.00	1.0175882110722227
M09573_2.00	0.7540991241398186
M09574_2.00	2.5737962158066434
M09575_2.00	1.9374430447136624
M09576_2.00	2.7460241215530052
M09577_2.00	0.2335062270446379
M09578_2.00	0.9677784912669378
M09579_2.00	2.3654744238265097
M09580_2.00	0.47782192278282565
M09583_2.00	5.32527173188806
M09671_2.00	0.26844628660346026
M09672_2.00	1.4328552336851232
M09673_2.00	2.237274549840518
M09674_2.00	0.3759177124755093
M09675_2.00	1.5390969583879937
M09676_2.00	2.0505160111766605
M09677_2.00	0.1763052895821322
M09678_2.00	0.5411119905557877
M09679_2.00	0.5457390629596489
M09680_2.00	0.1854025855786683
M09681_2.00	0.10347822774135554
M09682_2.00	0.9778130837609733
M09683_2.00	0.3333933705113243
M10651_2.00	4.511208966090663
M10652_2.00	5.145751967977166
M10672_2.00	3.6826334194285164
M10676_2.00	1.3351211188020469
M10681_2.00	1.9865286908053759
M10690_2.00	6.658028125769468
M10693_2.00	7.240606585756796
M10709_2.00	1.521284832161875
M10714_2.00	1.778437648546064
M10715_2.00	2.784128601410731
M10718_2.00	2.960069141955816
M10730_2.00	2.401671642351038
M10740_2.00	1.58439325130696
M10741_2.00	3.6238954831299246
M10742_2.00	1.3572407677549223
M10743_2.00	3.018338931874337
M10746_2.00	6.812355048888369
M10748_2.00	2.0550855838517244
M10749_2.00	2.3577469478059525
M10754_2.00	5.3719765743132495
M10761_2.00	0.38696438607019945
M10762_2.00	0.61682198878505
M10767_2.00	0.9938929319765193
M10779_2.00	1.238120092716453
M10782_2.00	2.745433863573362
M10784_2.00	1.3044914825995426
M10787_2.00	3.2975473548770613
M10788_2.00	1.0697325398542108
M10791_2.00	2.7548151310205693
M10795_2.00	2.0060434066102775
