M00055_2.00	2.70644133316354
M00056_2.00	2.027236663932869
M00057_2.00	2.3968831505603347
M00058_2.00	1.7330474525891837
M00059_2.00	1.7326893707193105
M00169_2.00	0.7632261217041945
M00170_2.00	0.4015297190623883
M00172_2.00	0.3100871218408383
M00260_2.00	1.4548999972530323
M00261_2.00	1.5242305994252856
M00262_2.00	4.023561382339521
M00263_2.00	2.0846826708888675
M00264_2.00	1.3750681097601722
M00265_2.00	1.145475630883171
M00266_2.00	0.9536635727806805
M00267_2.00	0.9699153728121088
M00268_2.00	0.9174637206378471
M00269_2.00	1.0277890010644
M00270_2.00	3.2926392358697045
M00271_2.00	3.7166341435586387
M00272_2.00	4.113138058753097
M00273_2.00	0.854254415192353
M00274_2.00	1.0432368247739379
M00275_2.00	1.0289847536225507
M00276_2.00	5.148177733859955
M00277_2.00	1.5505601141426106
M00278_2.00	2.2443138838223358
M00279_2.00	1.9623747293838767
M00280_2.00	5.075202083612016
M00281_2.00	2.6961467078918555
M00282_2.00	1.7112489956073373
M00283_2.00	1.336731043664522
M00284_2.00	1.2519496439309348
M00285_2.00	7.970890769653611
M00286_2.00	1.4748539534414524
M00287_2.00	2.335088943422374
M00288_2.00	0.6543320712385401
M00289_2.00	0.7870362997385497
M00290_2.00	0.6613390802962932
M00291_2.00	0.47382757151676075
M00292_2.00	0.4289356938704316
M00293_2.00	1.4394700670896274
M00294_2.00	1.487686471392081
M00295_2.00	1.4256956949223714
M00296_2.00	3.9873333939114826
M00297_2.00	3.265841245035149
M00298_2.00	1.1714397771033633
M00299_2.00	1.4449498831713536
M00300_2.00	1.144691392212596
M00301_2.00	0.7679569778806739
M00302_2.00	0.61595781202709
M00303_2.00	1.674083161821662
M00304_2.00	10.260645198208774
M00305_2.00	1.9176888383161925
M00306_2.00	0.9636150951794995
M00307_2.00	0.4205108671600136
M00308_2.00	8.586041661105494
M00309_2.00	1.7717865880753398
M00310_2.00	0.6890906355952833
M00311_2.00	1.0245349278966027
M00312_2.00	7.002636913628607
M00313_2.00	1.9375755127576157
M00314_2.00	1.3818835007520611
M00315_2.00	2.7190018157661
M00316_2.00	1.6644888107616949
M00317_2.00	1.289887200342534
M00318_2.00	0.8697533916305008
M00319_2.00	0.8618998094110697
M00320_2.00	0.5561414420651795
M00321_2.00	0.22123853411359687
M00322_2.00	4.65606071779232
M00323_2.00	1.8005981478469821
M00324_2.00	5.1678824154026675
M00325_2.00	0.42534224103254925
M00326_2.00	0.41038162178930065
M00327_2.00	0.47108727698106473
M00328_2.00	1.0632770760586159
M00329_2.00	0.46133652354748
M00330_2.00	1.0348978568499332
M00380_2.00	0.46060421883392366
M00381_2.00	1.457867247911794
M00382_2.00	3.048253196040787
M00383_2.00	0.4551203541144746
M00384_2.00	0.3849181952934657
M00385_2.00	0.5508353249834981
M00386_2.00	0.9576978794501093
M00387_2.00	0.7088636511530158
M00388_2.00	0.6011377738140324
M00389_2.00	1.0233989115132112
M00390_2.00	1.3296495020309798
M00391_2.00	1.0011022489967893
M00392_2.00	2.242119682308513
M00393_2.00	0.5530120600025354
M00394_2.00	2.456970300073964
M00395_2.00	0.4002457441461925
M00396_2.00	1.495336417416449
M00397_2.00	0.5772269005327482
M00398_2.00	0.9790028847418996
M00399_2.00	7.880137455549591
M00400_2.00	0.9677016428623015
M00401_2.00	1.0323892206851728
M00402_2.00	0.9575310226392657
M00403_2.00	0.34612123492778496
M00404_2.00	0.304713586779352
M00405_2.00	0.8667497855480286
M00406_2.00	0.365072981348443
M00407_2.00	1.4734482528779165
M00408_2.00	4.052817955327145
M00409_2.00	0.8584075958285045
M00410_2.00	1.3337013159956765
M00411_2.00	0.7151570006559702
M00412_2.00	2.7251224201480135
M00413_2.00	0.46211634691071746
M00414_2.00	0.5526689557864821
M00415_2.00	0.7680795791781189
M00416_2.00	1.3787961670699769
M00417_2.00	0.8735865669224899
M00418_2.00	1.909989693972245
M00419_2.00	1.6212055974672466
M00420_2.00	0.447376205081226
M00421_2.00	1.9524655439280094
M00422_2.00	0.7771599252522186
M00423_2.00	0.7368376174781021
M00424_2.00	0.4276758661576069
M00425_2.00	0.9662216755135983
M00426_2.00	0.40057355200296985
M00427_2.00	0.7204708550660336
M00428_2.00	1.1091919873049854
M00429_2.00	0.6022414538851116
M00430_2.00	1.159120997542012
M00431_2.00	0.4777293500303805
M00432_2.00	2.0284927336844563
M00433_2.00	0.4838637597569816
M00434_2.00	1.203517870015989
M00435_2.00	0.8258889598647345
M00436_2.00	1.0600370622268687
M00437_2.00	1.7625625796931232
M00438_2.00	0.6952120775705284
M00439_2.00	0.4228439700556308
M00440_2.00	0.5133463721075981
M00441_2.00	0.6520811701570051
M00442_2.00	0.427380997723631
M00443_2.00	0.5137125764700525
M00445_2.00	0.6603438750716562
M00446_2.00	0.6250157297102943
M00447_2.00	0.7452387777573353
M00448_2.00	1.013273940580726
M00449_2.00	1.2491767535065905
M00450_2.00	0.5416920384393528
M00451_2.00	3.079728644013829
M00452_2.00	0.8604849419728064
M00453_2.00	0.6113321826526117
M00454_2.00	0.9558790814738056
M00455_2.00	1.0996225698408546
M00456_2.00	1.4802963726466305
M00457_2.00	0.40717668928308404
M00458_2.00	1.2791569124832844
M00459_2.00	0.4367245138740904
M00460_2.00	0.9968093830247324
M00461_2.00	1.2371233508561068
M00462_2.00	1.3182845059471777
M00463_2.00	0.4797842198204983
M00464_2.00	0.9404087278341271
M00465_2.00	1.0760370103296821
M00466_2.00	0.7001949573883088
M00467_2.00	0.25052042448570905
M00468_2.00	8.491623296222379
M00469_2.00	0.45269446315062445
M00470_2.00	3.4994291691438413
M00471_2.00	0.43203471837217083
M00472_2.00	0.6524847497020085
M00473_2.00	1.4338622949870978
M00474_2.00	3.123036167033688
M00475_2.00	2.69655028491487
M00476_2.00	0.6474337846312274
M00477_2.00	1.047052316585965
M00478_2.00	0.5508940590785016
M00479_2.00	0.5046375055289612
M00480_2.00	0.8622288085047738
M00481_2.00	0.7537612924419215
M00482_2.00	2.594873414816028
M00483_2.00	0.6303806419738994
M00484_2.00	1.1811739337077896
M00485_2.00	2.3075795830118344
M00486_2.00	2.015281620539324
M00487_2.00	0.2964481609958277
M00488_2.00	1.671147122986653
M00489_2.00	1.7343009347648155
M00490_2.00	0.8307319352023648
M00491_2.00	0.7028002262446565
M00492_2.00	0.9794224252609873
M00493_2.00	4.119134582728937
M00494_2.00	0.24995495775553722
M00495_2.00	1.1561665111898498
M00496_2.00	0.46758829007845026
M00497_2.00	0.41214925416549664
M00498_2.00	2.024051103265363
M00499_2.00	1.085085930192898
M00500_2.00	2.475556803405829
M00501_2.00	0.6930033949857867
M00502_2.00	1.1767416519354892
M00503_2.00	0.5102411766320774
M00504_2.00	0.2896229313809498
M00505_2.00	1.475252908653832
M00506_2.00	0.9733392471643734
M00507_2.00	1.5365402038654485
M00508_2.00	2.747123488921054
M00509_2.00	4.571980884569058
M00510_2.00	0.8422676419548935
M00511_2.00	0.570666981283148
M00512_2.00	1.0105422130858632
M00513_2.00	1.6691634486553344
M00514_2.00	0.37299508711381485
M00515_2.00	0.37941370947359415
M00516_2.00	0.38714903395888306
M00517_2.00	0.6801893974778837
M00518_2.00	0.5625401216991269
M00519_2.00	2.10306066423681
M00520_2.00	0.35003232398808726
M00521_2.00	2.1715417318376207
M00522_2.00	0.8796827811649477
M00523_2.00	1.8032786950111637
M00524_2.00	1.3673605658680503
M00525_2.00	0.39439513135513965
M00526_2.00	2.979161412306998
M00527_2.00	1.8432103617293372
M00528_2.00	1.9365406817782609
M00529_2.00	1.358711174654727
M00530_2.00	0.6555956223768931
M00531_2.00	0.49221600733829535
M00532_2.00	0.30548151322029105
M00554_2.00	0.8497488097708432
M00555_2.00	0.24217742290899974
M00556_2.00	2.21687013271917
M00557_2.00	0.3639680958767992
M00558_2.00	0.3998538841295445
M00559_2.00	1.3748105770451873
M00560_2.00	0.7663509690002612
M00561_2.00	1.0451073123528103
M00562_2.00	0.9364669614875111
M00563_2.00	1.996247107613041
M00800_2.00	0.2564580495737213
M01239_2.00	0.7873207386969803
M01240_2.00	2.4367541613340613
M01241_2.00	0.7872975813731983
M01242_2.00	1.8328855365666183
M01243_2.00	0.5784243323231781
M01244_2.00	1.1707959471036573
M01245_2.00	0.43858333923927334
M01246_2.00	2.7414370948222504
M01249_2.00	1.2518682106737216
M01252_2.00	2.1428100123602802
M01253_2.00	0.9472305154324739
M01254_2.00	0.9386717253373948
M01503_2.00	0.44999362971005036
M01504_2.00	0.3634580314477997
M01505_2.00	0.7987999756690791
M01506_2.00	0.6903307978073038
M01507_2.00	0.6069376747159212
M01508_2.00	0.6893284170783766
M01550_2.00	4.814114253503844
M01551_2.00	0.8048503914839834
M01552_2.00	0.6460643805294939
M01553_2.00	1.8648487812910646
M02032_2.00	2.177075982367504
M02033_2.00	3.39683032585865
M02034_2.00	1.52579946369125
M02035_2.00	0.9879145020570703
M02036_2.00	1.3810379870452052
M02056_2.00	0.5982632795135447
M02057_2.00	0.8672617255015131
M02058_2.00	0.8963217107256067
M02059_2.00	0.5728652731152748
M02060_2.00	0.6762716722556109
M02062_2.00	0.574249397485808
M02063_2.00	0.6985763417121778
M02064_2.00	1.0691834798692543
M02065_2.00	4.500064558655659
M02068_2.00	0.3809361860795543
M02071_2.00	3.303808863238582
M02072_2.00	1.0103759974802375
M02073_2.00	2.4791538797721473
M02074_2.00	0.8878423044632179
M02075_2.00	1.3447312156986837
M02076_2.00	0.9119888672547818
M02077_2.00	0.36972003692343747
M02078_2.00	1.4654691458804234
M02079_2.00	2.056809751346579
M02080_2.00	3.634538723590656
M02081_2.00	1.2394475561168514
M02083_2.00	2.396396971358561
M02084_2.00	0.696359436110902
M02085_2.00	2.3997689531092297
M02086_2.00	1.4717109352143563
M02087_2.00	1.5902658590257686
M02088_2.00	0.33425138060707893
M02089_2.00	0.41141379730205824
M02090_2.00	1.7756528615375449
M02091_2.00	1.8100057622263361
M02092_2.00	1.5506044672069055
M02093_2.00	0.5289754382844338
M02094_2.00	2.0470562141571866
M02095_2.00	0.2173498204416286
M02096_2.00	1.7855711264183096
M02097_2.00	2.023859778461711
M02098_2.00	0.3941607636119203
M02099_2.00	0.9952441328884036
M02100_2.00	0.5713728447741779
M02101_2.00	1.2076074434289934
M02102_2.00	0.42791680930699716
M02103_2.00	10.172772429633195
M02104_2.00	0.36499597045472454
M02105_2.00	2.2420281382602245
M02106_2.00	0.9542184968555556
M02107_2.00	0.585879851251829
M02108_2.00	0.48017795599806035
M02109_2.00	2.084358828320414
M02110_2.00	3.431626290768249
M02111_2.00	0.25621047601102426
M02112_2.00	1.7353746870497047
M02113_2.00	0.37372819172289945
M02114_2.00	0.295790973506044
M02115_2.00	0.5855256750091276
M02116_2.00	2.403779681493479
M02117_2.00	1.0963343504723861
M02118_2.00	0.2755744149776817
M02119_2.00	1.1112930227112916
M02120_2.00	1.0757510045374312
M02121_2.00	0.48843057271296003
M02122_2.00	1.5742527127583537
M02123_2.00	1.2276561954515741
M02124_2.00	5.881757256246016
M02125_2.00	0.6549476540676943
M02127_2.00	2.15458050896431
M02128_2.00	2.4318240652038066
M02137_2.00	1.5683132944137719
M02138_2.00	2.5624091846200563
M02139_2.00	1.7192928917246055
M02159_2.00	3.6149912828469937
M02160_2.00	2.259876460581631
M02162_2.00	0.8195293196900819
M02163_2.00	2.968275351196774
M02164_2.00	2.293204526053316
M02165_2.00	1.026115615880134
M02166_2.00	1.4426653461483405
M02167_2.00	0.538533326034938
M02168_2.00	1.099778242404465
M02169_2.00	0.3191796443792331
M02170_2.00	2.176392205904653
M02173_2.00	2.0433651301674645
M02174_2.00	0.9304028244847089
M02177_2.00	0.9887081496003619
M02178_2.00	1.337701965683809
M02189_2.00	3.596427213034027
M02190_2.00	1.008076086379277
M02191_2.00	0.6531502680331879
M02192_2.00	2.060169503370721
M02193_2.00	3.62557712986347
M02194_2.00	4.818515795644563
M02220_2.00	1.7561249007815074
M02222_2.00	1.9357757053663764
M02223_2.00	0.7426170857505429
M02224_2.00	0.9514357927371835
M02225_2.00	1.0525341876078944
M02226_2.00	3.653307310032998
M02227_2.00	3.5591234289715086
M02228_2.00	0.6254941425849327
M02229_2.00	4.845078173642024
M02230_2.00	0.5956645182866815
M02231_2.00	0.2510377094162338
M02685_2.00	4.591095465113885
M02686_2.00	5.849905513012711
M02687_2.00	5.879141273760297
M02688_2.00	0.9531829965281058
M02740_2.00	2.1491954855172
M02741_2.00	7.990951623637731
M03076_2.00	3.861138956226745
M03077_2.00	1.6378922932273365
M03078_2.00	7.83788985717016
M03079_2.00	3.083742187713076
M03080_2.00	0.4830982379831995
M03081_2.00	0.33192501888078735
M03082_2.00	0.4038794216552733
M03083_2.00	0.41679202063421905
M03084_2.00	0.4049931135152698
M03085_2.00	1.9820768535472
M03086_2.00	1.7721183833134655
M03087_2.00	0.7794022823928488
M03088_2.00	1.4115178680079221
M03089_2.00	2.812153397391701
M03090_2.00	1.1616612327070253
M03091_2.00	1.8429064083756388
M03092_2.00	0.9686036084883757
M03093_2.00	5.280864554967162
M03094_2.00	0.5957532877397855
M03095_2.00	0.29200542852155803
M03096_2.00	0.9587144855200178
M03097_2.00	0.5657778431014516
M03098_2.00	10.56247029776365
M03099_2.00	1.4099966562434814
M03100_2.00	1.80569177692461
M03101_2.00	2.0036287830225445
M03102_2.00	1.517810209932478
M03103_2.00	0.7027816150153264
M03104_2.00	6.558415274369484
M03105_2.00	9.42847721871436
M03106_2.00	0.8032608608333653
M03107_2.00	5.815819026323866
M03108_2.00	1.8329263239949443
M03109_2.00	8.862468797002402
M03110_2.00	12.562081747964044
M03111_2.00	0.36467149522578823
M03112_2.00	0.3032573805474258
M03113_2.00	2.598526292452258
M03114_2.00	3.100854685317111
M03115_2.00	1.097369735901119
M03116_2.00	4.572775547480134
M03117_2.00	0.5511317745228583
M03118_2.00	0.516637262872745
M03119_2.00	0.4298844398833317
M03120_2.00	0.30541889639441744
M03121_2.00	0.3829845645936875
M03122_2.00	2.0942414247230072
M03123_2.00	1.8846095772162381
M03124_2.00	0.8850055277645656
M03125_2.00	1.0682573920695935
M03126_2.00	0.46191267731657826
M03127_2.00	6.908771658315676
M03128_2.00	0.8771123949978998
M03129_2.00	1.6829157688001404
M03130_2.00	1.7977555193315407
M03131_2.00	0.7214853765790787
M03132_2.00	1.1674310415376088
M03133_2.00	1.1126881367313288
M03134_2.00	1.321310786554139
M03135_2.00	2.099690317420498
M03136_2.00	1.1245767317840176
M03137_2.00	0.33450059769183915
M03138_2.00	0.2934248288400173
M03139_2.00	1.1000052103720264
M03140_2.00	1.3361221820319182
M03141_2.00	1.5487721381615311
M03142_2.00	2.00886709604399
M03143_2.00	1.20956085571494
M03144_2.00	5.399753237465712
M03145_2.00	0.9358696183563817
M03146_2.00	0.5223636660885641
M03147_2.00	5.157594814176198
M03148_2.00	2.637146567730925
M03149_2.00	0.5647752544349203
M03150_2.00	8.589522216137919
M03151_2.00	0.45094583568277014
M03152_2.00	6.030197652653241
M03153_2.00	0.5560014035252752
M03154_2.00	0.8244951801774882
M03155_2.00	5.3498454207450035
M03156_2.00	1.218897809016643
M03157_2.00	0.8441400107293496
M03158_2.00	0.41794593431179883
M03159_2.00	3.511558835156761
M03160_2.00	0.8854612206108712
M03161_2.00	0.48357201021103946
M03162_2.00	4.306776803368568
M03163_2.00	1.5286324078407516
M03164_2.00	12.531270493045259
M03165_2.00	2.232067921794318
M03166_2.00	0.5783242458106863
M03167_2.00	7.224041090729322
M03168_2.00	0.497697472013317
M03169_2.00	2.980622951084737
M03170_2.00	15.42416662314922
M03171_2.00	1.373995759890529
M03172_2.00	0.54445137727162
M03173_2.00	0.3985911408344088
M03174_2.00	3.3326434147813586
M03175_2.00	1.8387142757852613
M03176_2.00	1.6609899870154334
M03177_2.00	1.1216984670907797
M03178_2.00	1.2366787821110652
M03179_2.00	0.587961162791447
M03180_2.00	0.6813390999260427
M03181_2.00	6.209136365380724
M03182_2.00	0.8236066119807286
M03183_2.00	3.7599031814974655
M03184_2.00	5.387805845608278
M03185_2.00	0.8391938266388009
M03186_2.00	0.6405417913980624
M03187_2.00	2.314631097095914
M03188_2.00	18.107867964861963
M03189_2.00	1.7422917074089599
M03190_2.00	1.0689163025058626
M03191_2.00	2.3898470361700825
M03192_2.00	0.24366844350457117
M03193_2.00	1.3010572295533183
M03194_2.00	2.714888630172956
M03195_2.00	1.2398595120782123
M03196_2.00	1.3305771776308373
M03197_2.00	4.233719205808727
M03198_2.00	0.4189869414997589
M03199_2.00	2.864565601553993
M03200_2.00	0.39641718299096684
M03201_2.00	2.2853963234116477
M03202_2.00	5.5522949453697485
M03203_2.00	0.3654834815650548
M03204_2.00	0.4107554458309932
M03205_2.00	0.5267894035099006
M03206_2.00	12.846231500549587
M03207_2.00	1.332509650514845
M03208_2.00	0.7694298961038151
M03209_2.00	10.105885302737954
M03210_2.00	0.5829771563643124
M03211_2.00	4.7452439112601645
M03212_2.00	2.7760759342463857
M03213_2.00	0.47408185329483415
M03214_2.00	0.3121612945003117
M03215_2.00	0.7094827898939247
M03216_2.00	2.6803256292577613
M03217_2.00	1.3043675408350641
M03218_2.00	4.692301418184044
M03219_2.00	0.6148651606574603
M03220_2.00	0.8319497216442676
M03221_2.00	1.7759546674242424
M03222_2.00	2.3699243318798056
M03223_2.00	3.1025294278004916
M03224_2.00	3.785415099310963
M03225_2.00	1.8583792209879602
M03226_2.00	1.447718080711045
M03227_2.00	0.501948307244006
M03228_2.00	2.087798767654199
M03229_2.00	1.6479520188141257
M03230_2.00	1.0365400440052734
M03231_2.00	2.150573453700306
M03232_2.00	0.40007321882025654
M03233_2.00	0.5856147322738676
M03234_2.00	0.656652927834043
M03235_2.00	0.9350912359933455
M03236_2.00	0.49721432680853433
M03237_2.00	0.7813987828454809
M03238_2.00	9.262265029851935
M03241_2.00	1.0680709897571274
M03243_2.00	0.8300341493277177
M03247_2.00	1.5283599929963705
M03248_2.00	0.6559336963484685
M03249_2.00	4.655074413892561
M03250_2.00	0.5571063282490728
M03251_2.00	0.5318152391162182
M03252_2.00	1.251475059883648
M03253_2.00	2.034305135543931
M03254_2.00	0.4352931432119622
M03255_2.00	5.592427015522379
M03256_2.00	0.7403844188019897
M03257_2.00	0.825778616272886
M03258_2.00	0.8587677038988739
M03259_2.00	0.33781184832787436
M03260_2.00	4.269854479013862
M03261_2.00	2.4718621226863333
M03262_2.00	1.0340379054889228
M03263_2.00	0.47185700695827193
M03264_2.00	3.1683275899051537
M03265_2.00	0.7451424455609037
M03266_2.00	4.726606892342163
M03267_2.00	0.22496056906732192
M03268_2.00	0.7270716796410284
M03269_2.00	4.081114034090808
M03270_2.00	1.4668916692069511
M03271_2.00	0.6024086333002712
M03272_2.00	0.7947783832191581
M03273_2.00	2.9229184926245604
M03274_2.00	1.0188581363774585
M03275_2.00	8.67963283342866
M03276_2.00	1.701614850931344
M03277_2.00	0.34241067543881204
M03278_2.00	3.2918948662514795
M03279_2.00	2.4658453872528883
M03280_2.00	2.217004747517021
M03281_2.00	0.33332865520433275
M03282_2.00	5.154711656732292
M03283_2.00	4.4895949834053
M03284_2.00	1.674334918022906
M03285_2.00	5.1673098354771225
M03286_2.00	0.7154380859447316
M03287_2.00	0.5053312921860387
M03770_2.00	2.5726927092920313
M03771_2.00	1.2202295181216634
M03772_2.00	2.1519968158135256
M03773_2.00	8.700469717284834
M03774_2.00	7.827881953373285
M03775_2.00	14.71145747327397
M03776_2.00	4.164121528887836
M03777_2.00	0.5397492533101793
M03778_2.00	0.5080049068406853
M03779_2.00	4.962352916113673
M03780_2.00	1.8289018746575514
M03781_2.00	1.3957177723043666
M03782_2.00	1.378058958705727
M03783_2.00	1.3104023364520234
M03784_2.00	0.9648752054244008
M03785_2.00	2.144763824777726
M03786_2.00	8.254616916718984
M03787_2.00	6.60635324635016
M03788_2.00	0.43554109935729396
M03789_2.00	0.6270156485840324
M03790_2.00	5.329809017584518
M03791_2.00	0.4722125593817658
M03792_2.00	5.065221577032622
M03793_2.00	0.8034586894333202
M03794_2.00	1.7768334624637587
M03795_2.00	2.115574771482828
M03796_2.00	0.8682887432252974
M03797_2.00	1.1022182439165675
M03798_2.00	1.3328087284314676
M03799_2.00	0.7914279949878888
M03800_2.00	1.6783969990404928
M03801_2.00	5.073673059501777
M03802_2.00	5.786835997497895
M03803_2.00	5.591207249691681
M03804_2.00	1.008669654499129
M03805_2.00	0.5832061885775377
M03806_2.00	0.7613968467992183
M03807_2.00	6.677644415874219
M03808_2.00	0.4795168255555825
M03809_2.00	1.3202991810504852
M03810_2.00	1.3562811357124338
M03811_2.00	0.7792789214664443
M03812_2.00	0.5957346648385605
M03813_2.00	5.832192701466885
M03814_2.00	2.744511809898262
M03815_2.00	1.3096482129210525
M03816_2.00	6.028403644999519
M03817_2.00	0.5732450696577482
M03818_2.00	4.748249514157822
M03819_2.00	5.256858100121763
M03820_2.00	5.774329428556861
M03821_2.00	6.593176786310143
M03822_2.00	2.341139935317771
M03823_2.00	1.4876812968629702
M03824_2.00	1.9978621198264286
M03825_2.00	5.965297888727152
M03826_2.00	1.6413621276163268
M03827_2.00	0.8728489045278762
M03828_2.00	4.892490803035661
M03829_2.00	1.7008953844843975
M03830_2.00	1.1393467553733
M03831_2.00	0.8693316583741697
M03832_2.00	0.75043255724045
M03833_2.00	1.1612001449260712
M03834_2.00	0.45538137279693125
M03835_2.00	0.633378664406967
M03836_2.00	1.1164979906308896
M03837_2.00	4.018721710062508
M03838_2.00	12.0104371517608
M03839_2.00	14.706316971830606
M03840_2.00	0.6889851057320769
M03841_2.00	4.596706071129768
M03842_2.00	0.7444795477417964
M03843_2.00	0.5035030899957704
M03844_2.00	1.2397702564950719
M03845_2.00	0.4592545431024547
M03846_2.00	6.200277997827515
M03847_2.00	3.541019367491001
M03848_2.00	1.2315637722512696
M03849_2.00	3.9335578946146335
M03850_2.00	13.029256675087115
M03851_2.00	0.4278332632191636
M03852_2.00	4.482452580375807
M03853_2.00	0.8446876759763783
M03854_2.00	10.984200405634938
M03855_2.00	3.3085460281419823
M03856_2.00	2.7295139384977416
M03857_2.00	0.9142301631102647
M03858_2.00	2.0764210308030226
M03859_2.00	4.110617942481134
M03860_2.00	1.087929858282859
M03861_2.00	3.61364527477551
M03862_2.00	4.657651130029757
M03863_2.00	0.8894483199079117
M03864_2.00	6.005162883728213
M03865_2.00	11.776819868398688
M03866_2.00	0.6683863022187486
M03867_2.00	3.5043639978216308
M03868_2.00	4.714405455849038
M03869_2.00	0.7124136949254172
M03870_2.00	0.6411338953895886
M03871_2.00	1.7981290354823154
M03872_2.00	2.266268115271026
M03873_2.00	1.1735058407967647
M03874_2.00	3.7805973376479347
M03875_2.00	3.080520282015708
M03876_2.00	4.048152331900159
M03877_2.00	3.669299722673169
M03878_2.00	3.195639665115876
M04895_2.00	1.1923804846652444
M04896_2.00	0.41547176846698236
M04897_2.00	1.560713739553562
M04898_2.00	0.9745301817939259
M04899_2.00	1.7789806177272363
M04900_2.00	1.357104028023594
M04901_2.00	2.158632029028442
M04902_2.00	1.1562351330968696
M04903_2.00	1.492905122297941
M04904_2.00	1.0121570471699997
M04905_2.00	2.124583645167125
M04906_2.00	2.4480417757402764
M04907_2.00	0.667328763039091
M04908_2.00	1.7283292473735679
M04909_2.00	1.7476114651412331
M04910_2.00	1.4124284444798292
M04911_2.00	1.4324262404727137
M04912_2.00	1.6534818543951921
M04913_2.00	0.9222358368779764
M04914_2.00	1.4224153976637535
M04915_2.00	2.779438595206623
M04916_2.00	3.0911553121855384
M04917_2.00	0.6170246006438291
M04918_2.00	0.589147778613913
M04919_2.00	3.6163792707181917
M04920_2.00	0.993546704439879
M04921_2.00	0.883893691193945
M04922_2.00	0.7897509560989212
M04923_2.00	6.598882971608668
M04924_2.00	0.9183318322517352
M04925_2.00	1.0852007534777544
M04926_2.00	3.3202967093094307
M04927_2.00	0.7295381934351268
M04928_2.00	0.5937420584643442
M04929_2.00	0.7405961615950176
M04930_2.00	0.4663370258296186
M04931_2.00	0.7265166436670776
M04932_2.00	11.020587182403677
M04933_2.00	2.2111457808576
M04934_2.00	5.797645382259571
M04935_2.00	2.1733780124803297
M04936_2.00	1.0213796722454123
M04937_2.00	3.547724540961473
M04938_2.00	0.733022377166423
M04939_2.00	6.611897711439944
M04940_2.00	8.678765318853962
M04941_2.00	1.1543366938821857
M04942_2.00	7.12076338180818
M04943_2.00	1.0143254685726628
M04944_2.00	0.7819489543572975
M04945_2.00	0.9283303448609735
M04946_2.00	2.627902207934391
M04947_2.00	1.555882498804473
M04948_2.00	1.2749119925775316
M04949_2.00	0.5837170179764123
M04950_2.00	0.45257349499267446
M04951_2.00	0.7199553115311804
M04952_2.00	1.1278681119317149
M04953_2.00	0.9513924405080707
M04954_2.00	11.136488115627568
M04955_2.00	1.0722209101707698
M04956_2.00	1.01779398929602
M04957_2.00	3.09647908105445
M04958_2.00	2.334917031215698
M04959_2.00	1.1552645590089072
M04960_2.00	1.0011729183812077
M04961_2.00	1.5626954089939247
M04962_2.00	0.9862588431235157
M04963_2.00	1.1273349288936312
M04964_2.00	1.6017598239797226
M04965_2.00	1.3178097857084339
M04966_2.00	1.3347758163995131
M04967_2.00	1.7331183662649579
M04968_2.00	1.6642236943950999
M04969_2.00	1.3202857940659385
M04970_2.00	1.2370509460365513
M04971_2.00	1.2364708231122488
M04972_2.00	1.1807505071009734
M04973_2.00	0.9524306099148897
M04974_2.00	0.7057839192735231
M04975_2.00	0.9081571977884223
M04976_2.00	1.2850275597645855
M04977_2.00	3.2020997553931805
M04978_2.00	2.286962064848537
M04979_2.00	1.8588505546550684
M04980_2.00	2.079434919305947
M04981_2.00	1.8215484250281122
M04982_2.00	1.899138461310995
M04983_2.00	2.386390476739568
M04984_2.00	2.1356063083305106
M04985_2.00	1.25531781651516
M04986_2.00	1.0646158586177643
M04987_2.00	1.3581891949052478
M04988_2.00	1.9621263012660366
M04989_2.00	1.2790989136680295
M04990_2.00	1.4513469904239136
M04991_2.00	0.9480584314275893
M04992_2.00	2.1893809375914137
M04993_2.00	11.820555387749154
M04994_2.00	1.9806793846095518
M04995_2.00	3.431519804835337
M04996_2.00	12.245192720360496
M04997_2.00	0.48830263071356256
M04998_2.00	0.42510349290916194
M04999_2.00	1.0002961374932924
M05000_2.00	1.735496578430582
M05001_2.00	0.6732518218442757
M05002_2.00	0.8176930111897371
M05003_2.00	11.133974596112404
M05004_2.00	1.016526593721793
M05005_2.00	1.3107782187773465
M05006_2.00	2.1638874146968723
M05007_2.00	1.182459463102995
M05008_2.00	1.1250632709798387
M05009_2.00	1.042195194342921
M05010_2.00	4.62031484331324
M05011_2.00	4.124589708872498
M05012_2.00	0.8702438555954083
M05013_2.00	0.544557078520099
M05014_2.00	9.959164426032036
M05015_2.00	1.3407567892277938
M05016_2.00	1.711857837463871
M05017_2.00	1.1331604339894588
M05018_2.00	3.3142102704844465
M05019_2.00	4.439096868613794
M05020_2.00	1.8233393673928098
M05021_2.00	1.4377057769349149
M05022_2.00	0.5307020718608739
M05023_2.00	0.4277029328262135
M05024_2.00	0.40944175234255775
M05025_2.00	0.37308861853891645
M05026_2.00	0.9977225628121554
M05027_2.00	1.0198247355144532
M05028_2.00	1.03467213751316
M05029_2.00	1.0188060149080878
M05030_2.00	0.7338640712790183
M05031_2.00	0.7558314623341786
M05032_2.00	0.7420601133345924
M05033_2.00	1.0294667319157487
M05034_2.00	2.878198806301138
M05035_2.00	2.916710482794416
M05036_2.00	1.6500218380299252
M05037_2.00	1.444470032433428
M05038_2.00	6.585295789237197
M05039_2.00	2.780234782018197
M05040_2.00	2.0600603015063155
M05041_2.00	2.6476111862498914
M05042_2.00	1.0251595120852552
M05043_2.00	1.3085576897298483
M05044_2.00	5.754871258373799
M05045_2.00	1.4130186606648205
M05046_2.00	1.3613239284861551
M05047_2.00	8.054553035798314
M05048_2.00	1.5482012889497596
M05049_2.00	0.9792215735352507
M05050_2.00	1.5285331771788035
M05051_2.00	1.0542579411460271
M05052_2.00	1.0278431044177976
M05053_2.00	1.0014435278004234
M05054_2.00	1.6313907251519795
M05055_2.00	1.380394485859118
M05056_2.00	1.3478173507389373
M05057_2.00	1.6944129430462402
M05058_2.00	1.9391339073154725
M05059_2.00	2.6175543521274753
M05060_2.00	1.2542056961440697
M05061_2.00	1.2515860072285183
M05062_2.00	6.58827652118239
M05063_2.00	1.5942575556283847
M05064_2.00	1.053346323109586
M05065_2.00	3.0526427759482795
M05066_2.00	0.8492914925929234
M05067_2.00	0.6298080235288521
M05068_2.00	2.245313264210216
M05069_2.00	1.3117973618961576
M05070_2.00	1.1665175680609665
M05071_2.00	1.4578599977479159
M05072_2.00	2.5327786475491183
M05073_2.00	2.3338367350528704
M05074_2.00	2.924899551497899
M05075_2.00	1.1868651581971494
M05076_2.00	1.2391301394990075
M05077_2.00	1.415661265121848
M05078_2.00	1.2896024445062038
M05079_2.00	1.0887925087855137
M05080_2.00	1.1771392962312808
M05081_2.00	0.9362612336925622
M05082_2.00	1.1207818391579536
M05083_2.00	1.7641033228141256
M05084_2.00	1.2549552034443163
M05085_2.00	1.816977432901749
M05086_2.00	1.0337746333936473
M05087_2.00	0.6498349312040155
M05088_2.00	1.244271610639398
M05089_2.00	0.6035501579554311
M05090_2.00	0.8638016457173555
M05091_2.00	1.1791598408891613
M05092_2.00	0.6537148933805969
M05093_2.00	0.7499660672716166
M05094_2.00	2.202212670390758
M05095_2.00	1.7002466896887416
M05096_2.00	1.8358725785346233
M05097_2.00	2.017163505110132
M05098_2.00	1.3464230590660007
M05099_2.00	1.179265706990711
M05100_2.00	1.8850752153580101
M05101_2.00	1.8325245194434159
M05102_2.00	2.4009018746474657
M05103_2.00	1.946925457456691
M05104_2.00	6.395976785553791
M05105_2.00	2.9036367574467494
M05106_2.00	1.857564786075141
M05107_2.00	2.5263161235233893
M05108_2.00	2.882468811740713
M05109_2.00	6.253084584464734
M05110_2.00	2.753301134931687
M05111_2.00	5.747731221415483
M05112_2.00	2.3095904093698327
M05113_2.00	1.6676692614356237
M05114_2.00	2.5367604331756843
M05115_2.00	2.0408599320366987
M05116_2.00	1.8676745838090283
M05117_2.00	2.325004604453147
M05118_2.00	2.1263630776165883
M05119_2.00	2.9136308293286066
M05120_2.00	2.500115124085502
M05121_2.00	3.090440550008657
M05122_2.00	4.253367484825994
M05123_2.00	2.3908745923569326
M05124_2.00	1.7157391784903007
M05125_2.00	2.4198430736223773
M05126_2.00	1.1646640322474937
M05127_2.00	1.8993159281222067
M05128_2.00	0.9761020710788857
M05129_2.00	2.5767330339237495
M05130_2.00	3.1512216639414596
M05131_2.00	2.397934666099305
M05132_2.00	0.8060770317562755
M05133_2.00	0.8893930302331197
M05134_2.00	0.4284170575987749
M05135_2.00	0.9628362476183282
M05136_2.00	0.6351119268367028
M05137_2.00	0.4140542918235912
M05138_2.00	2.3607208893638303
M05139_2.00	1.664460667951247
M05140_2.00	1.8134743379092162
M05141_2.00	1.6405605592864319
M05142_2.00	1.2051487064591522
M05143_2.00	3.2106430121498137
M05144_2.00	0.963606503897454
M05145_2.00	0.7261455204957556
M05146_2.00	0.6424790904730063
M05147_2.00	0.607419291779559
M05148_2.00	0.6370851638730677
M05149_2.00	1.5122669724519868
M05150_2.00	15.076833767805805
M05151_2.00	1.8192476689649122
M05152_2.00	4.619531982361658
M05153_2.00	1.2162140253900993
M05154_2.00	0.8794156638884697
M05155_2.00	3.067292156395461
M05156_2.00	2.039699253390182
M05157_2.00	5.41132724587899
M05158_2.00	2.254429487918067
M05159_2.00	1.3007087403772581
M05160_2.00	1.3488284988034838
M05161_2.00	2.2917020698702455
M05162_2.00	1.5614316574457034
M05163_2.00	1.0385679897736413
M05164_2.00	1.5149202177531171
M05165_2.00	0.6998455317668443
M05166_2.00	0.7796669531718871
M05167_2.00	1.143190266790605
M05168_2.00	0.7489843045467945
M05169_2.00	1.0166394168804387
M05170_2.00	1.9146256860567377
M05171_2.00	1.093835063731563
M05172_2.00	3.4126363685052743
M05173_2.00	1.3245499135978478
M05174_2.00	0.7508516160269392
M05175_2.00	3.1247460020307516
M05176_2.00	0.9611496827826183
M05177_2.00	1.1192713816601372
M05178_2.00	1.0850256168866597
M05179_2.00	1.0590890196568252
M05180_2.00	2.5134200050790945
M05181_2.00	3.1215084548100727
M05182_2.00	0.8237006480485773
M05183_2.00	0.8388289328631863
M05184_2.00	1.0181198568784888
M05185_2.00	0.9182392566111578
M05186_2.00	1.2485345577965365
M05187_2.00	1.1320131621224814
M05188_2.00	9.858728347337973
M05189_2.00	0.973578597028066
M05190_2.00	0.922234208985473
M05191_2.00	0.949478461281352
M05192_2.00	0.9686700782420612
M05193_2.00	0.7135702422588182
M05194_2.00	0.5590456986785388
M05195_2.00	1.740151673805661
M05196_2.00	0.4769332089928906
M05197_2.00	6.763939853269713
M05198_2.00	1.3869764023398823
M05199_2.00	0.5657103632726554
M05200_2.00	7.100720216904289
M05201_2.00	2.6849216965383027
M05202_2.00	2.273612945135554
M05203_2.00	2.8157008805299517
M05204_2.00	1.5034913688243114
M05205_2.00	1.2969728516079408
M05206_2.00	0.7731049598834453
M05207_2.00	1.2840272286676344
M05208_2.00	1.0858459647649332
M05209_2.00	1.066337864424097
M05210_2.00	1.7756766887257915
M05211_2.00	9.815731033946275
M05212_2.00	1.5581654870198487
M05213_2.00	3.3002069984907827
M05214_2.00	9.62040510559686
M05215_2.00	1.2939805664055761
M05216_2.00	3.3171931311633562
M05217_2.00	0.8876399263719507
M05218_2.00	1.2626054928010708
M05219_2.00	3.269184688471379
M05220_2.00	2.0903017713707235
M05221_2.00	2.3988665988853417
M05222_2.00	1.0154039514587434
M05223_2.00	3.287266926756083
M05224_2.00	2.05808239628633
M05225_2.00	0.5166213374709822
M05226_2.00	3.118148103176247
M05227_2.00	1.4825998531348974
M05228_2.00	1.093285784819451
M05229_2.00	0.9994821644392111
M05230_2.00	0.6078919772744344
M05231_2.00	0.6004308989092313
M05232_2.00	0.8189217499855407
M05233_2.00	7.349943764155505
M05234_2.00	5.228017108656482
M05235_2.00	6.43966526771416
M05236_2.00	3.8526060169334366
M05237_2.00	1.3841324337623757
M05238_2.00	5.970508264871373
M05239_2.00	1.362412526582151
M05240_2.00	1.0498204225436447
M05241_2.00	7.208138467411409
M05242_2.00	1.5226643693881132
M05243_2.00	1.7051729370834905
M05244_2.00	0.7702553717256698
M05245_2.00	0.6064361488565003
M05246_2.00	0.6981094644510294
M05247_2.00	0.7091961538237186
M05248_2.00	1.0503020631469093
M05249_2.00	1.1358675729950287
M05250_2.00	2.679635062917894
M05251_2.00	0.36838563313651407
M05252_2.00	0.4225987676288707
M05253_2.00	1.6408797415355902
M05254_2.00	0.3985943808236122
M05255_2.00	0.9087527196733292
M05256_2.00	0.7374772505258571
M05257_2.00	8.743166267798482
M05258_2.00	5.386767084578982
M05259_2.00	0.98267237170662
M05260_2.00	5.230999254366374
M05261_2.00	1.197872276814807
M05262_2.00	0.8345793982832239
M05263_2.00	0.8708340458875806
M05264_2.00	3.8255527101576554
M05265_2.00	1.1067531499055145
M05266_2.00	2.1691773770116867
M05267_2.00	1.0925173594135682
M05268_2.00	1.3514974237715949
M05269_2.00	0.9586945545998561
M05270_2.00	1.9537147971912798
M05271_2.00	6.624368178988905
M05272_2.00	1.3768514236388745
M05273_2.00	2.1161461672841253
M05274_2.00	1.0316208393380837
M05275_2.00	1.5408467478313006
M05276_2.00	1.0095783655308304
M05277_2.00	0.6573666908894047
M05278_2.00	4.1343506188870744
M05279_2.00	1.8238198842306925
M05280_2.00	1.3792736322043773
M05281_2.00	1.1560863328372646
M05282_2.00	0.5348034072302147
M05283_2.00	2.4459898256306825
M05284_2.00	3.1132968667501943
M05285_2.00	1.7438196207686711
M05286_2.00	1.3537118381658364
M05287_2.00	6.982563525500195
M05288_2.00	1.6521748357668513
M05289_2.00	2.685115330130883
M05290_2.00	2.103719924544804
M05291_2.00	3.2567033553752758
M05292_2.00	1.3916522343267679
M05293_2.00	1.3571371805764914
M05294_2.00	1.3579020779172362
M05295_2.00	1.1838810501409238
M05296_2.00	1.024919868197721
M05297_2.00	1.9198523040030278
M05298_2.00	1.475442578330107
M05299_2.00	1.446001731681114
M05300_2.00	4.91664377268411
M05301_2.00	4.075817049572557
M05302_2.00	2.8991000545763397
M05303_2.00	3.8078106540965986
M05304_2.00	1.527174991787979
M05305_2.00	1.511687179764885
M05306_2.00	3.42672154613855
M05307_2.00	1.5504594906935185
M05308_2.00	1.2817643825563425
M05309_2.00	3.6154587517242818
M05310_2.00	1.661938932293829
M05311_2.00	0.9819094455192321
M05312_2.00	1.6467695032994536
M05313_2.00	0.9684517489942137
M05314_2.00	1.0576611991284504
M05315_2.00	3.2185929448765718
M05316_2.00	4.586790046273203
M05317_2.00	1.0337206944004529
M05318_2.00	1.341928891139072
M05319_2.00	7.459462800283432
M05320_2.00	5.956344204356846
M05321_2.00	2.9459877594297246
M05322_2.00	5.390508016332236
M05323_2.00	3.8653899167633172
M05324_2.00	6.443467853778078
M05325_2.00	4.678490144094738
M05326_2.00	0.9390824895383358
M05327_2.00	5.482522333474454
M05328_2.00	5.348446794896283
M05329_2.00	2.5655925735637
M05330_2.00	1.591842723220416
M05331_2.00	3.193510518918063
M05332_2.00	3.554221253244919
M05333_2.00	2.8789916820836208
M05334_2.00	5.93090810114844
M05335_2.00	1.7439574484577174
M05336_2.00	1.5604841086320906
M05337_2.00	2.4215302378111367
M05338_2.00	2.0235297794477187
M05339_2.00	2.51235887749789
M05340_2.00	1.8552740998830253
M05341_2.00	3.2003236831684263
M05342_2.00	2.2033753768841438
M05343_2.00	1.148765570443438
M05344_2.00	4.452457504930797
M05345_2.00	0.7193062420549465
M05346_2.00	1.3729351396106089
M05347_2.00	2.2775937348446003
M05348_2.00	8.383715135216988
M05349_2.00	7.457789367662912
M05350_2.00	1.6017070320989832
M05351_2.00	1.7965237614585914
M05352_2.00	6.992621534878202
M05353_2.00	4.561949739292378
M05354_2.00	4.924903925023806
M05355_2.00	4.771240592944115
M05356_2.00	4.80577390213379
M05357_2.00	3.703287367575284
M05358_2.00	6.291861336594309
M05359_2.00	1.7435836796364352
M05360_2.00	2.3960752384563464
M05361_2.00	3.986200640085381
M05362_2.00	2.588919880010114
M05363_2.00	4.737990889216775
M05364_2.00	2.6093863080556003
M05365_2.00	4.55525908088592
M05366_2.00	0.33417803683046254
M05367_2.00	0.5139448037761145
M05368_2.00	2.824745836138536
M05369_2.00	1.63917712653106
M05370_2.00	3.847158880669205
M05371_2.00	1.6218406449796066
M05372_2.00	4.050335760446265
M05373_2.00	1.6444813710957842
M05374_2.00	0.5864294944465535
M05375_2.00	0.6569141351717653
M05376_2.00	0.8704253845543442
M05377_2.00	2.4296797518731594
M05378_2.00	1.2821731511506542
M05379_2.00	1.6016753745476469
M05380_2.00	1.1718412187379572
M05381_2.00	2.7973953461769887
M05382_2.00	1.7068843907126663
M05383_2.00	0.9925542150933863
M05384_2.00	0.7535097933157213
M05385_2.00	0.8860250690762683
M05386_2.00	0.6818531910241958
M05387_2.00	1.398698259734688
M05388_2.00	1.1984898656920477
M05389_2.00	1.8875643702687324
M05390_2.00	0.6998654335846861
M05391_2.00	0.7097437019160522
M05392_2.00	1.016340688571605
M05393_2.00	0.8839127446905104
M05869_2.00	1.8458667829433975
M05870_2.00	1.8794230825755505
M05871_2.00	1.0340565496440273
M05872_2.00	5.505805938566342
M05873_2.00	2.2145902640842596
M06210_2.00	1.3791979638820122
M06211_2.00	1.9916573008016778
M06212_2.00	2.0924768784016647
M06213_2.00	0.9790109445397849
M06214_2.00	0.9105782213239337
M06215_2.00	2.141775178375931
M06216_2.00	0.5158403560967911
M06217_2.00	2.166188550161043
M06218_2.00	0.8123782580746266
M06219_2.00	5.9054913275672805
M06220_2.00	3.969446649116407
M06221_2.00	4.3700898180854
M06222_2.00	3.720376471353088
M06223_2.00	5.834093360668489
M06224_2.00	3.78723732797411
M06225_2.00	1.0057094067932417
M06226_2.00	1.7847729619291242
M06227_2.00	3.286682403266811
M06228_2.00	2.383341473476699
M06229_2.00	2.0581759164052356
M06230_2.00	1.1954314207055616
M06231_2.00	1.690663407307911
M06232_2.00	0.6637206875201971
M06233_2.00	1.1843161713837969
M06234_2.00	4.857018342120428
M06235_2.00	0.5209236505988061
M06236_2.00	1.3192733829889605
M06237_2.00	0.7617314388451482
M06238_2.00	0.8479290579055632
M06239_2.00	0.6659804833711485
M06240_2.00	1.1235374877248199
M06241_2.00	3.5139603364890806
M06242_2.00	2.074791007004083
M06243_2.00	5.072340676911266
M06244_2.00	8.136319182407469
M06245_2.00	3.343384408206445
M06246_2.00	3.5140181086733295
M06247_2.00	2.639760580392429
M06248_2.00	7.274522439018213
M06249_2.00	2.0671901997499846
M06250_2.00	1.4336771230960175
M06251_2.00	1.2553923507768836
M06252_2.00	2.5722400184930434
M06253_2.00	2.0922185623878464
M06254_2.00	2.6169057630586874
M06255_2.00	2.0314913849610847
M06256_2.00	0.9806904401279046
M06257_2.00	1.1531118842199184
M06258_2.00	0.8147216752682749
M06259_2.00	0.6761778178876958
M06260_2.00	2.2034136584812707
M06261_2.00	1.0148677047178865
M06262_2.00	1.4195730426694035
M06263_2.00	0.7603987490094448
M06264_2.00	1.3391462235443772
M06265_2.00	0.8077676183412783
M06266_2.00	2.2011719099711096
M06267_2.00	0.7994161037015788
M06268_2.00	3.3263879039179503
M06269_2.00	2.743641957292536
M06270_2.00	1.2417995470307728
M06271_2.00	0.6135405725965332
M06272_2.00	0.7749408336113783
M06273_2.00	2.1662678356289686
M06274_2.00	1.2979645442210517
M06275_2.00	1.1541716153582895
M06276_2.00	1.8536746576961476
M06277_2.00	5.459206541704021
M06278_2.00	0.8697924746123015
M06279_2.00	1.1561060030409311
M06280_2.00	0.47837104617849213
M06281_2.00	2.2579115304547654
M06282_2.00	0.688148168925199
M06283_2.00	0.7940620323222346
M06284_2.00	1.9977937477942318
M06285_2.00	2.8685030513031506
M06286_2.00	0.8034025951905366
M06287_2.00	1.6715263554988058
M06288_2.00	1.012143430587681
M06289_2.00	1.7328992171157516
M06290_2.00	1.2004911861599201
M06291_2.00	1.9035564787870451
M06292_2.00	0.6005466178028336
M06293_2.00	0.6838346123220607
M06294_2.00	0.595430937429088
M06295_2.00	1.4271361250142998
M06296_2.00	0.8128769065489283
M06297_2.00	1.0944187698337797
M06298_2.00	0.490373106438463
M06299_2.00	1.3901240578742398
M06300_2.00	0.9425003493741164
M06301_2.00	1.2396637119153442
M06302_2.00	0.6105800475467809
M06303_2.00	1.1311031783449075
M06304_2.00	0.7248625476080306
M06305_2.00	1.757341198092317
M06306_2.00	1.0765351619254369
M06307_2.00	1.3633065393900714
M06308_2.00	0.7804554847824677
M06309_2.00	1.1375409556498925
M06310_2.00	1.3592725459019723
M06311_2.00	1.2979928646555354
M06312_2.00	1.9358661701676656
M06313_2.00	1.8663594976307267
M06314_2.00	1.3602094761079497
M06315_2.00	1.7730809209374743
M06316_2.00	1.007730524302151
M06317_2.00	1.1642774028533047
M06318_2.00	0.3965386491120905
M06319_2.00	0.9472595240964945
M06320_2.00	0.5378167816327971
M06321_2.00	1.0389491867395635
M06322_2.00	1.4322641517725234
M06323_2.00	0.8763995142659322
M06324_2.00	0.6936050971404164
M06325_2.00	1.2510525177690928
M06326_2.00	1.1088660185796997
M06327_2.00	2.7651797462472203
M06328_2.00	2.2187130711966496
M06329_2.00	1.9337529267201496
M06330_2.00	1.0286414264093484
M06331_2.00	0.5195006577414579
M06332_2.00	1.6811337104590929
M06333_2.00	0.4705101227860001
M06334_2.00	1.1831919854049224
M06335_2.00	0.600005523479114
M06336_2.00	0.9585010381693347
M06337_2.00	1.8030602660356048
M06338_2.00	0.5207243088541359
M06339_2.00	1.5645849665714597
M06340_2.00	0.4844958260402147
M06341_2.00	2.9816783179638104
M06342_2.00	1.0819506694393064
M06343_2.00	1.277244269860275
M06344_2.00	1.346017341320048
M06345_2.00	1.6742122459169706
M06346_2.00	1.2537962826131694
M06347_2.00	1.2279325766493239
M06348_2.00	1.066865454710042
M06349_2.00	1.2308558624890424
M06350_2.00	1.0952312461943037
M06351_2.00	0.6754924710171479
M06352_2.00	1.7678937395089132
M06353_2.00	0.9536871326801681
M06354_2.00	1.0138044363016276
M06355_2.00	0.8039758578251407
M06356_2.00	1.1537258509021202
M06357_2.00	0.8817854723575599
M06358_2.00	2.05917158041435
M06359_2.00	1.7254714610384005
M06360_2.00	1.2930824807357162
M06361_2.00	2.1472189528768157
M06362_2.00	2.4265241985071895
M06363_2.00	3.8255929831129816
M06364_2.00	1.6643310997423861
M06365_2.00	0.8831668113155109
M06366_2.00	1.7541687456430222
M06367_2.00	0.8382914805847486
M06368_2.00	1.4552049392719826
M06369_2.00	0.4727975530465305
M06370_2.00	1.2611009788013807
M06371_2.00	0.7758571266406784
M06374_2.00	2.5717271897936476
M06375_2.00	4.113530519888185
M06376_2.00	0.6548354596838224
M06377_2.00	2.7388316585930372
M06378_2.00	4.337174005211381
M06379_2.00	0.7692934331025554
M06475_2.00	1.6420923023806178
M06476_2.00	1.4097966788553893
M06477_2.00	2.0924768784016647
M06478_2.00	0.7961319626541762
M06479_2.00	2.1280504124449897
M06480_2.00	5.693125749681163
M06481_2.00	1.6691913572056536
M06482_2.00	1.5877736339736914
M06483_2.00	1.2922854537874264
M06484_2.00	0.8821503197264896
M06485_2.00	1.14265202486797
M06486_2.00	0.9866550732573747
M06487_2.00	5.072340892203429
M06488_2.00	2.4688962869819995
M06489_2.00	1.5595928884909034
M06490_2.00	2.648397439630142
M06491_2.00	2.0314913849610847
M06492_2.00	0.7421816896366356
M06493_2.00	2.2034136584812707
M06494_2.00	1.2208967953798626
M06495_2.00	1.2315098760846996
M06496_2.00	1.8618633525232262
M06497_2.00	2.9345472062157625
M06498_2.00	0.9457492425981072
M06499_2.00	2.1662678356289686
M06500_2.00	1.6605940991376462
M06501_2.00	0.928458304458698
M06502_2.00	0.6279996403189898
M06503_2.00	1.4611521024230454
M06504_2.00	1.65617227753112
M06505_2.00	1.6514693126508697
M06506_2.00	0.9278473855024792
M06507_2.00	0.6800789759828874
M06508_2.00	1.0638666083082275
M06509_2.00	0.9477053819828277
M06510_2.00	1.3413777760847068
M06511_2.00	1.1057392195159799
M06512_2.00	1.3276960660122945
M06513_2.00	1.1311031783449075
M06514_2.00	1.5259878956343504
M06515_2.00	1.290448135698822
M06516_2.00	0.8777942731950127
M06517_2.00	1.1115063880518439
M06518_2.00	1.4544593287502199
M06519_2.00	1.3787702153575903
M06520_2.00	1.080027608180903
M06521_2.00	0.9472595240964945
M06522_2.00	0.872579318145033
M06523_2.00	1.360090881880828
M06524_2.00	0.8139108038157316
M06525_2.00	1.0861297278616449
M06526_2.00	2.244721024261116
M06527_2.00	1.557711238215561
M06528_2.00	1.0286414264092987
M06529_2.00	1.681133710459114
M06530_2.00	1.0001925104338074
M06531_2.00	1.8030602660359942
M06532_2.00	1.4241297263958947
M06533_2.00	2.6868997468699716
M06534_2.00	1.1874606105565102
M06535_2.00	1.2202471264159531
M06536_2.00	1.2124154916864054
M06537_2.00	0.8833952235734218
M06538_2.00	1.7284767649169133
M06539_2.00	1.0138044363016276
M06540_2.00	1.0612825183190067
M06541_2.00	2.0591712454517594
M06542_2.00	1.0911456790979948
M06543_2.00	2.186332753283388
M06544_2.00	1.7369048205654973
M06545_2.00	1.6507772447701496
M06546_2.00	0.8819828123229931
M06547_2.00	1.2611009788014114
M06549_2.00	2.3233798649799984
M06550_2.00	2.479799823518384
M06551_2.00	2.738832735315713
M07484_2.00	2.954865576388916
M07485_2.00	3.2367502536145074
M07486_2.00	1.929173421778418
M07487_2.00	2.4680816817006637
M07488_2.00	2.7244026452600787
M07971_2.00	10.646946885861045
M08130_2.00	4.575526637160514
M08131_2.00	2.909485379610693
M08132_2.00	4.173690136174462
M08133_2.00	4.260865618377533
M08134_2.00	3.629018252261726
M08136_2.00	3.580149789787731
M08137_2.00	9.157067582629978
M08138_2.00	8.966915721470329
M08139_2.00	1.9178470386658661
M08208_2.00	2.354769086708292
M08209_2.00	2.237111350489167
M08420_2.00	2.009073522788804
M08421_2.00	2.189777655767424
M08422_2.00	4.751045359182976
M08423_2.00	2.238012990306032
M08457_2.00	3.18841839328769
M08570_2.00	2.812691601998612
M08571_2.00	2.9670921935298273
M08572_2.00	3.175054278980489
M08573_2.00	1.065574942833273
M08574_2.00	1.9324243211847842
M08575_2.00	2.4480562947203905
M08576_2.00	2.716049407332682
M09128_2.00	5.068026574721033
M09129_2.00	1.6708492583098857
M09130_2.00	3.7122634985580305
M09131_2.00	7.458116650052499
M09132_2.00	1.2288051973863783
M09133_2.00	6.617871401021309
M09134_2.00	2.8403505349309666
M09135_2.00	1.1155721000179846
M09136_2.00	1.2033619625815228
M09137_2.00	3.1940433615518877
M09138_2.00	1.0675295313782187
M09139_2.00	7.299892597750883
M09140_2.00	1.8295340810380352
M09141_2.00	6.572066830873099
M09142_2.00	4.579692942841408
M09143_2.00	2.3217536221824044
M09144_2.00	9.155361775449258
M09145_2.00	3.2792029386334907
M09146_2.00	2.2138474464551487
M09147_2.00	4.279844194147871
M09148_2.00	6.210346854421667
M09149_2.00	11.393397962600101
M09150_2.00	12.843221950569452
M09151_2.00	10.437577635755304
M09152_2.00	7.117523908166994
M09153_2.00	0.8679929506117778
M09154_2.00	1.1932403542134302
M09155_2.00	2.5895454832357467
M09156_2.00	0.701788238088613
M09157_2.00	3.5226939508774118
M09158_2.00	4.775764028669871
M09159_2.00	3.1357667413840984
M09160_2.00	2.6822583829471744
M09161_2.00	2.723923718995219
M09162_2.00	1.490633810487541
M09163_2.00	1.5984496581783258
M09164_2.00	2.8455532818166187
M09165_2.00	4.188726098013306
M09169_2.00	1.0142585320623339
M09170_2.00	3.568305174617507
M09171_2.00	2.461667407071449
M09172_2.00	1.6708492583098857
M09173_2.00	9.881781700433313
M09174_2.00	6.648887509003398
M09175_2.00	12.843221950569452
M09176_2.00	6.933870616233506
M09177_2.00	1.5501893932523936
M09178_2.00	6.210346854421667
M09179_2.00	13.072560339867946
M09180_2.00	4.572822777671793
M09181_2.00	2.081897665160045
M09182_2.00	1.6525748872508659
M09183_2.00	0.990572379329923
M09184_2.00	1.1932403542134302
M09185_2.00	3.810019944309384
M09186_2.00	1.8295340810380352
M09187_2.00	3.1095757989552215
M09188_2.00	2.830038185377498
M09189_2.00	2.3217536221824044
M09190_2.00	1.4991659481282005
M09192_2.00	1.4950987245699061
M09193_2.00	2.0280261560591573
M09194_2.00	1.143567195428005
M09195_2.00	2.2609229970731795
M09196_2.00	6.617871401021309
M09197_2.00	8.89115323769916
M09198_2.00	3.591343085859706
M09199_2.00	4.188725521689943
M09200_2.00	5.336212529558814
M09201_2.00	2.6822583829471744
M09202_2.00	2.8403505349309666
M09203_2.00	7.458116686527999
M09204_2.00	1.4906341163054244
M09205_2.00	4.1633939753494476
M09206_2.00	6.714454284824537
M09207_2.00	0.701788238088613
M09208_2.00	1.2288051973863783
M09209_2.00	5.068026574721033
M09210_2.00	2.1376250582417287
M09211_2.00	2.237302579609071
M09212_2.00	1.0675295313782187
M09213_2.00	3.3646824023443394
M09214_2.00	6.572066830873099
M09215_2.00	3.44424005250134
M09559_2.00	1.8599058656951284
M09560_2.00	4.334633535864414
M09561_2.00	7.258527960929431
M09562_2.00	1.027630716581082
M09563_2.00	1.2804437280428693
M09564_2.00	3.9278088253051244
M09565_2.00	2.9281539597611075
M09566_2.00	7.09413237771434
M09567_2.00	1.0342911718996242
M09568_2.00	3.1600983917952865
M09569_2.00	0.6185421063421532
M09570_2.00	1.037122910185379
M09571_2.00	6.200638261618025
M09572_2.00	2.478531994674793
M09573_2.00	1.232744795725011
M09574_2.00	9.247399441387437
M09575_2.00	8.115242309383543
M09576_2.00	5.621490238656223
M09577_2.00	0.5410507461049837
M09578_2.00	1.5005240882393038
M09579_2.00	5.040938363504205
M09580_2.00	0.984859132536434
M09583_2.00	9.314423711342252
M09671_2.00	0.6811922742603254
M09672_2.00	1.8657282722837025
M09673_2.00	4.056156313916515
M09674_2.00	0.8900977149437801
M09675_2.00	3.213775154010319
M09676_2.00	3.23367859435019
M09677_2.00	0.6234529269497237
M09678_2.00	1.1037586723366648
M09679_2.00	1.3335584584372306
M09680_2.00	0.70459923807406
M09681_2.00	0.41413610952759244
M09682_2.00	2.1511866017725594
M09683_2.00	1.1045043251030604
M10651_2.00	8.347378508352875
M10652_2.00	8.9201822212773
M10672_2.00	7.239182692773624
M10676_2.00	3.0103385507425644
M10681_2.00	3.971178606201688
M10690_2.00	8.420124043386156
M10693_2.00	10.231282109511309
M10709_2.00	2.778074719832295
M10714_2.00	3.9220626300305685
M10715_2.00	5.1430431073012315
M10718_2.00	4.662383751039249
M10730_2.00	3.9820673529274746
M10740_2.00	3.589393294065165
M10741_2.00	5.605478590769206
M10742_2.00	2.098186150643036
M10743_2.00	5.1405711861126235
M10746_2.00	10.891811207576456
M10748_2.00	3.1672942972842586
M10749_2.00	5.4435160948584125
M10754_2.00	9.866971205073602
M10761_2.00	3.935265313176232
M10762_2.00	3.8443771458029055
M10767_2.00	1.4764725139805313
M10779_2.00	1.9537251960718978
M10782_2.00	5.244871975408622
M10784_2.00	2.2366461975568703
M10787_2.00	5.839126770862409
M10788_2.00	1.9681258344590589
M10791_2.00	6.479026174187994
M10795_2.00	3.3498940240000676
